trading_pair,volatility index ,average # trade,average volume,avarage quote volume,days not traded
ETHBTC,0.0,400.0,18275.8,0.4772654,0
LTCBTC,0.0,400.0,18275.8,0.4772654,0
BNBBTC,0.0,400.0,18275.8,0.4772654,0
NEOBTC,0.0,400.0,18275.8,0.4772654,0
QTUMETH,0.0,400.0,18275.8,0.4772654,0
EOSETH,0.0,400.0,18275.8,0.4772654,0
SNTETH,0.0,400.0,18275.8,0.4772654,0
BNTETH,0.0,400.0,18275.8,0.4772654,0
BCCBTC,0.0,0.0,0.0,0.0,2
GASBTC,0.0,400.0,18275.8,0.4772654,0
BNBETH,0.0,400.0,18275.8,0.4772654,0
BTCUSDT,0.0,400.0,18275.8,0.4772654,0
ETHUSDT,0.0,400.0,18275.8,0.4772654,0
HSRBTC,0.0,0.0,0.0,0.0,2
OAXETH,0.0,0.0,0.0,0.0,2
DNTETH,0.0,0.0,0.0,0.0,2
MCOETH,0.0,0.0,0.0,0.0,2
ICNETH,0.0,0.0,0.0,0.0,2
MCOBTC,0.0,0.0,0.0,0.0,2
WTCBTC,0.0,400.0,18275.8,0.4772654,0
WTCETH,0.0,0.0,0.0,0.0,2
LRCBTC,0.0,400.0,18275.8,0.4772654,0
LRCETH,0.0,400.0,18275.8,0.4772654,0
QTUMBTC,0.0,400.0,18275.8,0.4772654,0
YOYOBTC,0.0,0.0,0.0,0.0,2
OMGBTC,0.0,400.0,18275.8,0.4772654,0
OMGETH,0.0,400.0,18275.8,0.4772654,0
ZRXBTC,0.0,400.0,18275.8,0.4772654,0
ZRXETH,0.0,400.0,18275.8,0.4772654,0
STRATBTC,0.0,0.0,0.0,0.0,2
STRATETH,0.0,0.0,0.0,0.0,2
SNGLSBTC,0.0,0.0,0.0,0.0,2
SNGLSETH,0.0,0.0,0.0,0.0,2
BQXBTC,0.0,0.0,0.0,0.0,2
BQXETH,0.0,0.0,0.0,0.0,2
KNCBTC,0.0,400.0,18275.8,0.4772654,0
KNCETH,0.0,400.0,18275.8,0.4772654,0
FUNBTC,0.0,0.0,0.0,0.0,2
FUNETH,0.0,400.0,18275.8,0.4772654,0
SNMBTC,0.0,400.0,18275.8,0.4772654,0
SNMETH,0.0,0.0,0.0,0.0,2
NEOETH,0.0,400.0,18275.8,0.4772654,0
IOTABTC,0.0,400.0,18275.8,0.4772654,0
IOTAETH,0.0,400.0,18275.8,0.4772654,0
LINKBTC,0.0,400.0,18275.8,0.4772654,0
LINKETH,0.0,400.0,18275.8,0.4772654,0
XVGBTC,0.0,0.0,0.0,0.0,2
XVGETH,0.0,400.0,18275.8,0.4772654,0
SALTBTC,0.0,0.0,0.0,0.0,2
SALTETH,0.0,0.0,0.0,0.0,2
MDABTC,0.0,0.0,0.0,0.0,2
MDAETH,0.0,0.0,0.0,0.0,2
MTLBTC,0.0,400.0,18275.8,0.4772654,0
MTLETH,0.0,400.0,18275.8,0.4772654,0
SUBBTC,0.0,0.0,0.0,0.0,2
SUBETH,0.0,0.0,0.0,0.0,2
EOSBTC,0.0,400.0,18275.8,0.4772654,0
SNTBTC,0.0,400.0,18275.8,0.4772654,0
ETCETH,0.0,400.0,18275.8,0.4772654,0
ETCBTC,0.0,400.0,18275.8,0.4772654,0
MTHBTC,0.0,0.0,0.0,0.0,2
MTHETH,0.0,0.0,0.0,0.0,2
ENGBTC,0.0,0.0,0.0,0.0,2
ENGETH,0.0,0.0,0.0,0.0,2
DNTBTC,0.0,0.0,0.0,0.0,2
ZECBTC,0.0,400.0,18275.8,0.4772654,0
ZECETH,0.0,400.0,18275.8,0.4772654,0
BNTBTC,0.0,400.0,18275.8,0.4772654,0
ASTBTC,0.0,400.0,18275.8,0.4772654,0
ASTETH,0.0,0.0,0.0,0.0,2
DASHBTC,0.0,400.0,18275.8,0.4772654,0
DASHETH,0.0,400.0,18275.8,0.4772654,0
OAXBTC,0.0,400.0,18275.8,0.4772654,0
ICNBTC,0.0,0.0,0.0,0.0,2
BTGBTC,0.0,0.0,0.0,0.0,2
BTGETH,0.0,0.0,0.0,0.0,2
EVXBTC,0.0,0.0,0.0,0.0,2
EVXETH,0.0,0.0,0.0,0.0,2
REQBTC,0.0,400.0,18275.8,0.4772654,0
REQETH,0.0,0.0,0.0,0.0,2
VIBBTC,0.0,400.0,18275.8,0.4772654,0
VIBETH,0.0,400.0,18275.8,0.4772654,0
HSRETH,0.0,0.0,0.0,0.0,2
TRXBTC,0.0,400.0,18275.8,0.4772654,0
TRXETH,0.0,400.0,18275.8,0.4772654,0
POWRBTC,0.0,400.0,18275.8,0.4772654,0
POWRETH,0.0,400.0,18275.8,0.4772654,0
ARKBTC,0.0,0.0,0.0,0.0,2
ARKETH,0.0,0.0,0.0,0.0,2
YOYOETH,0.0,0.0,0.0,0.0,2
XRPBTC,0.0,400.0,18275.8,0.4772654,0
XRPETH,0.0,400.0,18275.8,0.4772654,0
MODBTC,0.0,0.0,0.0,0.0,2
MODETH,0.0,0.0,0.0,0.0,2
ENJBTC,0.0,400.0,18275.8,0.4772654,0
ENJETH,0.0,400.0,18275.8,0.4772654,0
STORJBTC,0.0,400.0,18275.8,0.4772654,0
STORJETH,0.0,0.0,0.0,0.0,2
BNBUSDT,0.0,400.0,18275.8,0.4772654,0
VENBNB,0.0,0.0,0.0,0.0,2
YOYOBNB,0.0,0.0,0.0,0.0,2
POWRBNB,0.0,0.0,0.0,0.0,2
VENBTC,0.0,0.0,0.0,0.0,2
VENETH,0.0,0.0,0.0,0.0,2
KMDBTC,0.0,400.0,18275.8,0.4772654,0
KMDETH,0.0,0.0,0.0,0.0,2
NULSBNB,0.0,0.0,0.0,0.0,2
RCNBTC,0.0,0.0,0.0,0.0,2
RCNETH,0.0,0.0,0.0,0.0,2
RCNBNB,0.0,0.0,0.0,0.0,2
NULSBTC,0.0,400.0,18275.8,0.4772654,0
NULSETH,0.0,0.0,0.0,0.0,2
RDNBTC,0.0,0.0,0.0,0.0,2
RDNETH,0.0,0.0,0.0,0.0,2
RDNBNB,0.0,0.0,0.0,0.0,2
XMRBTC,0.0,400.0,18275.8,0.4772654,0
XMRETH,0.0,400.0,18275.8,0.4772654,0
DLTBNB,0.0,0.0,0.0,0.0,2
WTCBNB,0.0,0.0,0.0,0.0,2
DLTBTC,0.0,0.0,0.0,0.0,2
DLTETH,0.0,0.0,0.0,0.0,2
AMBBTC,0.0,400.0,18275.8,0.4772654,0
AMBETH,0.0,0.0,0.0,0.0,2
AMBBNB,0.0,0.0,0.0,0.0,2
BCCETH,0.0,0.0,0.0,0.0,2
BCCUSDT,0.0,0.0,0.0,0.0,2
BCCBNB,0.0,0.0,0.0,0.0,2
BATBTC,0.0,400.0,18275.8,0.4772654,0
BATETH,0.0,400.0,18275.8,0.4772654,0
BATBNB,0.0,0.0,0.0,0.0,2
BCPTBTC,0.0,0.0,0.0,0.0,2
BCPTETH,0.0,0.0,0.0,0.0,2
BCPTBNB,0.0,0.0,0.0,0.0,2
ARNBTC,0.0,0.0,0.0,0.0,2
ARNETH,0.0,0.0,0.0,0.0,2
GVTBTC,0.0,0.0,0.0,0.0,2
GVTETH,0.0,0.0,0.0,0.0,2
CDTBTC,0.0,0.0,0.0,0.0,2
CDTETH,0.0,0.0,0.0,0.0,2
GXSBTC,0.0,0.0,0.0,0.0,2
GXSETH,0.0,0.0,0.0,0.0,2
NEOUSDT,0.0,400.0,18275.8,0.4772654,0
NEOBNB,0.0,400.0,18275.8,0.4772654,0
POEBTC,0.0,0.0,0.0,0.0,2
POEETH,0.0,0.0,0.0,0.0,2
QSPBTC,0.0,0.0,0.0,0.0,2
QSPETH,0.0,0.0,0.0,0.0,2
QSPBNB,0.0,0.0,0.0,0.0,2
BTSBTC,0.0,400.0,18275.8,0.4772654,0
BTSETH,0.0,0.0,0.0,0.0,2
BTSBNB,0.0,0.0,0.0,0.0,2
XZCBTC,0.0,0.0,0.0,0.0,2
XZCETH,0.0,0.0,0.0,0.0,2
XZCBNB,0.0,0.0,0.0,0.0,2
LSKBTC,0.0,400.0,18275.8,0.4772654,0
LSKETH,0.0,400.0,18275.8,0.4772654,0
LSKBNB,0.0,0.0,0.0,0.0,2
TNTBTC,0.0,0.0,0.0,0.0,2
TNTETH,0.0,0.0,0.0,0.0,2
FUELBTC,0.0,0.0,0.0,0.0,2
FUELETH,0.0,0.0,0.0,0.0,2
MANABTC,0.0,400.0,18275.8,0.4772654,0
MANAETH,0.0,400.0,18275.8,0.4772654,0
BCDBTC,0.0,0.0,0.0,0.0,2
BCDETH,0.0,0.0,0.0,0.0,2
DGDBTC,0.0,0.0,0.0,0.0,2
DGDETH,0.0,0.0,0.0,0.0,2
IOTABNB,0.0,400.0,18275.8,0.4772654,0
ADXBTC,0.0,400.0,18275.8,0.4772654,0
ADXETH,0.0,400.0,18275.8,0.4772654,0
ADXBNB,0.0,0.0,0.0,0.0,2
ADABTC,0.0,400.0,18275.8,0.4772654,0
ADAETH,0.0,400.0,18275.8,0.4772654,0
PPTBTC,0.0,0.0,0.0,0.0,2
PPTETH,0.0,0.0,0.0,0.0,2
CMTBTC,0.0,0.0,0.0,0.0,2
CMTETH,0.0,0.0,0.0,0.0,2
CMTBNB,0.0,0.0,0.0,0.0,2
XLMBTC,0.0,400.0,18275.8,0.4772654,0
XLMETH,0.0,400.0,18275.8,0.4772654,0
XLMBNB,0.0,400.0,18275.8,0.4772654,0
CNDBTC,0.0,0.0,0.0,0.0,2
CNDETH,0.0,0.0,0.0,0.0,2
CNDBNB,0.0,0.0,0.0,0.0,2
LENDBTC,0.0,0.0,0.0,0.0,2
LENDETH,0.0,0.0,0.0,0.0,2
WABIBTC,0.0,400.0,18275.8,0.4772654,0
WABIETH,0.0,0.0,0.0,0.0,2
WABIBNB,0.0,0.0,0.0,0.0,2
LTCETH,0.0,400.0,18275.8,0.4772654,0
LTCUSDT,0.0,400.0,18275.8,0.4772654,0
LTCBNB,0.0,400.0,18275.8,0.4772654,0
TNBBTC,0.0,0.0,0.0,0.0,2
TNBETH,0.0,0.0,0.0,0.0,2
WAVESBTC,0.0,400.0,18275.8,0.4772654,0
WAVESETH,0.0,400.0,18275.8,0.4772654,0
WAVESBNB,0.0,400.0,18275.8,0.4772654,0
GTOBTC,0.0,0.0,0.0,0.0,2
GTOETH,0.0,0.0,0.0,0.0,2
GTOBNB,0.0,0.0,0.0,0.0,2
ICXBTC,0.0,400.0,18275.8,0.4772654,0
ICXETH,0.0,400.0,18275.8,0.4772654,0
ICXBNB,0.0,0.0,0.0,0.0,2
OSTBTC,0.0,0.0,0.0,0.0,2
OSTETH,0.0,0.0,0.0,0.0,2
OSTBNB,0.0,0.0,0.0,0.0,2
ELFBTC,0.0,400.0,18275.8,0.4772654,0
ELFETH,0.0,400.0,18275.8,0.4772654,0
AIONBTC,0.0,400.0,18275.8,0.4772654,0
AIONETH,0.0,0.0,0.0,0.0,2
AIONBNB,0.0,0.0,0.0,0.0,2
NEBLBTC,0.0,400.0,18275.8,0.4772654,0
NEBLBNB,0.0,0.0,0.0,0.0,2
BRDBTC,0.0,0.0,0.0,0.0,2
BRDETH,0.0,0.0,0.0,0.0,2
BRDBNB,0.0,0.0,0.0,0.0,2
MCOBNB,0.0,0.0,0.0,0.0,2
EDOBTC,0.0,0.0,0.0,0.0,2
EDOETH,0.0,0.0,0.0,0.0,2
WINGSBTC,0.0,0.0,0.0,0.0,2
WINGSETH,0.0,0.0,0.0,0.0,2
NAVBTC,0.0,0.0,0.0,0.0,2
NAVETH,0.0,0.0,0.0,0.0,2
NAVBNB,0.0,0.0,0.0,0.0,2
LUNBTC,0.0,0.0,0.0,0.0,2
LUNETH,0.0,0.0,0.0,0.0,2
TRIGBTC,0.0,0.0,0.0,0.0,2
TRIGETH,0.0,0.0,0.0,0.0,2
TRIGBNB,0.0,0.0,0.0,0.0,2
APPCBTC,0.0,0.0,0.0,0.0,2
APPCETH,0.0,0.0,0.0,0.0,2
APPCBNB,0.0,0.0,0.0,0.0,2
VIBEBTC,0.0,0.0,0.0,0.0,2
VIBEETH,0.0,0.0,0.0,0.0,2
RLCBTC,0.0,400.0,18275.8,0.4772654,0
RLCETH,0.0,400.0,18275.8,0.4772654,0
RLCBNB,0.0,0.0,0.0,0.0,2
INSBTC,0.0,0.0,0.0,0.0,2
INSETH,0.0,0.0,0.0,0.0,2
PIVXBTC,0.0,400.0,18275.8,0.4772654,0
PIVXBNB,0.0,0.0,0.0,0.0,2
IOSTBTC,0.0,400.0,18275.8,0.4772654,0
IOSTETH,0.0,400.0,18275.8,0.4772654,0
CHATBTC,0.0,0.0,0.0,0.0,2
CHATETH,0.0,0.0,0.0,0.0,2
STEEMBTC,0.0,400.0,18275.8,0.4772654,0
STEEMETH,0.0,400.0,18275.8,0.4772654,0
STEEMBNB,0.0,0.0,0.0,0.0,2
NANOBTC,0.0,0.0,0.0,0.0,2
NANOETH,0.0,0.0,0.0,0.0,2
NANOBNB,0.0,0.0,0.0,0.0,2
VIABTC,0.0,0.0,0.0,0.0,2
VIAETH,0.0,0.0,0.0,0.0,2
VIABNB,0.0,0.0,0.0,0.0,2
BLZBTC,0.0,400.0,18275.8,0.4772654,0
BLZETH,0.0,400.0,18275.8,0.4772654,0
BLZBNB,0.0,0.0,0.0,0.0,2
AEBTC,0.0,0.0,0.0,0.0,2
AEETH,0.0,0.0,0.0,0.0,2
AEBNB,0.0,0.0,0.0,0.0,2
RPXBTC,0.0,0.0,0.0,0.0,2
RPXETH,0.0,0.0,0.0,0.0,2
RPXBNB,0.0,0.0,0.0,0.0,2
NCASHBTC,0.0,0.0,0.0,0.0,2
NCASHETH,0.0,0.0,0.0,0.0,2
NCASHBNB,0.0,0.0,0.0,0.0,2
POABTC,0.0,0.0,0.0,0.0,2
POAETH,0.0,0.0,0.0,0.0,2
POABNB,0.0,0.0,0.0,0.0,2
ZILBTC,0.0,400.0,18275.8,0.4772654,0
ZILETH,0.0,400.0,18275.8,0.4772654,0
ZILBNB,0.0,400.0,18275.8,0.4772654,0
ONTBTC,0.0,400.0,18275.8,0.4772654,0
ONTETH,0.0,400.0,18275.8,0.4772654,0
ONTBNB,0.0,0.0,0.0,0.0,2
STORMBTC,0.0,0.0,0.0,0.0,2
STORMETH,0.0,0.0,0.0,0.0,2
STORMBNB,0.0,0.0,0.0,0.0,2
QTUMBNB,0.0,0.0,0.0,0.0,2
QTUMUSDT,0.0,400.0,18275.8,0.4772654,0
XEMBTC,0.0,0.0,0.0,0.0,2
XEMETH,0.0,0.0,0.0,0.0,2
XEMBNB,0.0,0.0,0.0,0.0,2
WANBTC,0.0,400.0,18275.8,0.4772654,0
WANETH,0.0,400.0,18275.8,0.4772654,0
WANBNB,0.0,0.0,0.0,0.0,2
WPRBTC,0.0,0.0,0.0,0.0,2
WPRETH,0.0,0.0,0.0,0.0,2
QLCBTC,0.0,400.0,18275.8,0.4772654,0
QLCETH,0.0,0.0,0.0,0.0,2
SYSBTC,0.0,400.0,18275.8,0.4772654,0
SYSETH,0.0,0.0,0.0,0.0,2
SYSBNB,0.0,0.0,0.0,0.0,2
QLCBNB,0.0,0.0,0.0,0.0,2
GRSBTC,0.0,0.0,0.0,0.0,2
GRSETH,0.0,0.0,0.0,0.0,2
ADAUSDT,0.0,400.0,18275.8,0.4772654,0
ADABNB,0.0,400.0,18275.8,0.4772654,0
CLOAKBTC,0.0,0.0,0.0,0.0,2
CLOAKETH,0.0,0.0,0.0,0.0,2
GNTBTC,0.0,0.0,0.0,0.0,2
GNTETH,0.0,0.0,0.0,0.0,2
GNTBNB,0.0,0.0,0.0,0.0,2
LOOMBTC,0.0,400.0,18275.8,0.4772654,0
LOOMETH,0.0,0.0,0.0,0.0,2
LOOMBNB,0.0,0.0,0.0,0.0,2
XRPUSDT,0.0,400.0,18275.8,0.4772654,0
BCNBTC,0.0,0.0,0.0,0.0,2
BCNETH,0.0,0.0,0.0,0.0,2
BCNBNB,0.0,0.0,0.0,0.0,2
REPBTC,0.0,0.0,0.0,0.0,2
REPBNB,0.0,0.0,0.0,0.0,2
BTCTUSD,0.0,0.0,0.0,0.0,2
TUSDBTC,0.0,0.0,0.0,0.0,2
ETHTUSD,0.0,0.0,0.0,0.0,2
TUSDETH,0.0,0.0,0.0,0.0,2
TUSDBNB,0.0,0.0,0.0,0.0,2
ZENBTC,0.0,400.0,18275.8,0.4772654,0
ZENETH,0.0,400.0,18275.8,0.4772654,0
ZENBNB,0.0,400.0,18275.8,0.4772654,0
SKYBTC,0.0,0.0,0.0,0.0,2
SKYETH,0.0,0.0,0.0,0.0,2
SKYBNB,0.0,0.0,0.0,0.0,2
EOSUSDT,0.0,400.0,18275.8,0.4772654,0
EOSBNB,0.0,400.0,18275.8,0.4772654,0
CVCBTC,0.0,0.0,0.0,0.0,2
CVCETH,0.0,0.0,0.0,0.0,2
CVCBNB,0.0,0.0,0.0,0.0,2
THETABTC,0.0,400.0,18275.8,0.4772654,0
THETAETH,0.0,400.0,18275.8,0.4772654,0
THETABNB,0.0,400.0,18275.8,0.4772654,0
XRPBNB,0.0,400.0,18275.8,0.4772654,0
TUSDUSDT,0.0,0.0,0.0,0.0,2
IOTAUSDT,0.0,400.0,18275.8,0.4772654,0
XLMUSDT,0.0,400.0,18275.8,0.4772654,0
IOTXBTC,0.0,400.0,18275.8,0.4772654,0
IOTXETH,0.0,400.0,18275.8,0.4772654,0
QKCBTC,0.0,400.0,18275.8,0.4772654,0
QKCETH,0.0,400.0,18275.8,0.4772654,0
AGIBTC,0.0,0.0,0.0,0.0,2
AGIETH,0.0,0.0,0.0,0.0,2
AGIBNB,0.0,0.0,0.0,0.0,2
NXSBTC,0.0,0.0,0.0,0.0,2
NXSETH,0.0,0.0,0.0,0.0,2
NXSBNB,0.0,0.0,0.0,0.0,2
ENJBNB,0.0,400.0,18275.8,0.4772654,0
DATABTC,0.0,400.0,18275.8,0.4772654,0
DATAETH,0.0,0.0,0.0,0.0,2
ONTUSDT,0.0,400.0,18275.8,0.4772654,0
TRXBNB,0.0,400.0,18275.8,0.4772654,0
TRXUSDT,0.0,400.0,18275.8,0.4772654,0
ETCUSDT,0.0,400.0,18275.8,0.4772654,0
ETCBNB,0.0,400.0,18275.8,0.4772654,0
ICXUSDT,0.0,400.0,18275.8,0.4772654,0
SCBTC,0.0,0.0,0.0,0.0,2
SCETH,0.0,400.0,18275.8,0.4772654,0
NPXSBTC,0.0,0.0,0.0,0.0,2
NPXSETH,0.0,0.0,0.0,0.0,2
VENUSDT,0.0,0.0,0.0,0.0,2
KEYBTC,0.0,0.0,0.0,0.0,2
KEYETH,0.0,400.0,18275.8,0.4772654,0
NASBTC,0.0,0.0,0.0,0.0,2
NASETH,0.0,0.0,0.0,0.0,2
NASBNB,0.0,0.0,0.0,0.0,2
MFTBTC,0.0,0.0,0.0,0.0,2
MFTETH,0.0,400.0,18275.8,0.4772654,0
MFTBNB,0.0,0.0,0.0,0.0,2
DENTBTC,0.0,0.0,0.0,0.0,2
DENTETH,0.0,400.0,18275.8,0.4772654,0
ARDRBTC,0.0,400.0,18275.8,0.4772654,0
ARDRETH,0.0,0.0,0.0,0.0,2
ARDRBNB,0.0,0.0,0.0,0.0,2
NULSUSDT,0.0,400.0,18275.8,0.4772654,0
HOTBTC,0.0,0.0,0.0,0.0,2
HOTETH,0.0,400.0,18275.8,0.4772654,0
VETBTC,0.0,400.0,18275.8,0.4772654,0
VETETH,0.0,400.0,18275.8,0.4772654,0
VETUSDT,0.0,400.0,18275.8,0.4772654,0
VETBNB,0.0,400.0,18275.8,0.4772654,0
DOCKBTC,0.0,400.0,18275.8,0.4772654,0
DOCKETH,0.0,0.0,0.0,0.0,2
POLYBTC,0.0,0.0,0.0,0.0,2
POLYBNB,0.0,0.0,0.0,0.0,2
PHXBTC,0.0,0.0,0.0,0.0,2
PHXETH,0.0,0.0,0.0,0.0,2
PHXBNB,0.0,0.0,0.0,0.0,2
HCBTC,0.0,0.0,0.0,0.0,2
HCETH,0.0,0.0,0.0,0.0,2
GOBTC,0.0,0.0,0.0,0.0,2
GOBNB,0.0,0.0,0.0,0.0,2
PAXBTC,0.0,0.0,0.0,0.0,2
PAXBNB,0.0,0.0,0.0,0.0,2
PAXUSDT,0.0,0.0,0.0,0.0,2
PAXETH,0.0,0.0,0.0,0.0,2
RVNBTC,0.0,400.0,18275.8,0.4772654,0
DCRBTC,0.0,400.0,18275.8,0.4772654,0
DCRBNB,0.0,0.0,0.0,0.0,2
USDCBNB,0.0,0.0,0.0,0.0,2
MITHBTC,0.0,0.0,0.0,0.0,2
MITHBNB,0.0,0.0,0.0,0.0,2
BCHABCBTC,0.0,0.0,0.0,0.0,2
BCHSVBTC,0.0,0.0,0.0,0.0,2
BCHABCUSDT,0.0,0.0,0.0,0.0,2
BCHSVUSDT,0.0,0.0,0.0,0.0,2
BNBPAX,0.0,0.0,0.0,0.0,2
BTCPAX,0.0,0.0,0.0,0.0,2
ETHPAX,0.0,0.0,0.0,0.0,2
XRPPAX,0.0,0.0,0.0,0.0,2
EOSPAX,0.0,0.0,0.0,0.0,2
XLMPAX,0.0,0.0,0.0,0.0,2
RENBTC,0.0,400.0,18275.8,0.4772654,0
RENBNB,0.0,0.0,0.0,0.0,2
BNBTUSD,0.0,0.0,0.0,0.0,2
XRPTUSD,0.0,0.0,0.0,0.0,2
EOSTUSD,0.0,0.0,0.0,0.0,2
XLMTUSD,0.0,0.0,0.0,0.0,2
BNBUSDC,0.0,0.0,0.0,0.0,2
BTCUSDC,0.0,0.0,0.0,0.0,2
ETHUSDC,0.0,0.0,0.0,0.0,2
XRPUSDC,0.0,0.0,0.0,0.0,2
EOSUSDC,0.0,0.0,0.0,0.0,2
XLMUSDC,0.0,0.0,0.0,0.0,2
USDCUSDT,0.0,0.0,0.0,0.0,2
ADATUSD,0.0,0.0,0.0,0.0,2
TRXTUSD,0.0,0.0,0.0,0.0,2
NEOTUSD,0.0,0.0,0.0,0.0,2
TRXXRP,0.0,400.0,18275.8,0.4772654,0
XZCXRP,0.0,0.0,0.0,0.0,2
PAXTUSD,0.0,0.0,0.0,0.0,2
USDCTUSD,0.0,0.0,0.0,0.0,2
USDCPAX,0.0,0.0,0.0,0.0,2
LINKUSDT,0.0,400.0,18275.8,0.4772654,0
LINKTUSD,0.0,0.0,0.0,0.0,2
LINKPAX,0.0,0.0,0.0,0.0,2
LINKUSDC,0.0,0.0,0.0,0.0,2
WAVESUSDT,0.0,400.0,18275.8,0.4772654,0
WAVESTUSD,0.0,0.0,0.0,0.0,2
WAVESPAX,0.0,0.0,0.0,0.0,2
WAVESUSDC,0.0,0.0,0.0,0.0,2
BCHABCTUSD,0.0,0.0,0.0,0.0,2
BCHABCPAX,0.0,0.0,0.0,0.0,2
BCHABCUSDC,0.0,0.0,0.0,0.0,2
BCHSVTUSD,0.0,0.0,0.0,0.0,2
BCHSVPAX,0.0,0.0,0.0,0.0,2
BCHSVUSDC,0.0,0.0,0.0,0.0,2
LTCTUSD,0.0,0.0,0.0,0.0,2
LTCPAX,0.0,0.0,0.0,0.0,2
LTCUSDC,0.0,0.0,0.0,0.0,2
TRXPAX,0.0,0.0,0.0,0.0,2
TRXUSDC,0.0,0.0,0.0,0.0,2
BTTBTC,0.0,0.0,0.0,0.0,2
BTTBNB,0.0,0.0,0.0,0.0,2
BTTUSDT,0.0,0.0,0.0,0.0,2
BNBUSDS,0.0,0.0,0.0,0.0,2
BTCUSDS,0.0,0.0,0.0,0.0,2
USDSUSDT,0.0,0.0,0.0,0.0,2
USDSPAX,0.0,0.0,0.0,0.0,2
USDSTUSD,0.0,0.0,0.0,0.0,2
USDSUSDC,0.0,0.0,0.0,0.0,2
BTTPAX,0.0,0.0,0.0,0.0,2
BTTTUSD,0.0,0.0,0.0,0.0,2
BTTUSDC,0.0,0.0,0.0,0.0,2
ONGBNB,0.0,0.0,0.0,0.0,2
ONGBTC,0.0,400.0,18275.8,0.4772654,0
ONGUSDT,0.0,400.0,18275.8,0.4772654,0
HOTBNB,0.0,0.0,0.0,0.0,2
HOTUSDT,0.0,400.0,18275.8,0.4772654,0
ZILUSDT,0.0,400.0,18275.8,0.4772654,0
ZRXBNB,0.0,0.0,0.0,0.0,2
ZRXUSDT,0.0,400.0,18275.8,0.4772654,0
FETBNB,0.0,400.0,18275.8,0.4772654,0
FETBTC,0.0,400.0,18275.8,0.4772654,0
FETUSDT,0.0,400.0,18275.8,0.4772654,0
BATUSDT,0.0,400.0,18275.8,0.4772654,0
XMRBNB,0.0,400.0,18275.8,0.4772654,0
XMRUSDT,0.0,400.0,18275.8,0.4772654,0
ZECBNB,0.0,400.0,18275.8,0.4772654,0
ZECUSDT,0.0,400.0,18275.8,0.4772654,0
ZECPAX,0.0,0.0,0.0,0.0,2
ZECTUSD,0.0,0.0,0.0,0.0,2
ZECUSDC,0.0,0.0,0.0,0.0,2
IOSTUSDT,0.0,400.0,18275.8,0.4772654,0
CELRBNB,0.0,400.0,18275.8,0.4772654,0
CELRBTC,0.0,400.0,18275.8,0.4772654,0
CELRUSDT,0.0,400.0,18275.8,0.4772654,0
ADAPAX,0.0,0.0,0.0,0.0,2
ADAUSDC,0.0,0.0,0.0,0.0,2
NEOPAX,0.0,0.0,0.0,0.0,2
NEOUSDC,0.0,0.0,0.0,0.0,2
DASHBNB,0.0,400.0,18275.8,0.4772654,0
DASHUSDT,0.0,400.0,18275.8,0.4772654,0
NANOUSDT,0.0,0.0,0.0,0.0,2
OMGBNB,0.0,0.0,0.0,0.0,2
OMGUSDT,0.0,400.0,18275.8,0.4772654,0
THETAUSDT,0.0,400.0,18275.8,0.4772654,0
ENJUSDT,0.0,400.0,18275.8,0.4772654,0
MITHUSDT,0.0,0.0,0.0,0.0,2
MATICBNB,0.0,400.0,18275.8,0.4772654,0
MATICBTC,0.0,400.0,18275.8,0.4772654,0
MATICUSDT,0.0,400.0,18275.8,0.4772654,0
ATOMBNB,0.0,400.0,18275.8,0.4772654,0
ATOMBTC,0.0,400.0,18275.8,0.4772654,0
ATOMUSDT,0.0,400.0,18275.8,0.4772654,0
ATOMUSDC,0.0,0.0,0.0,0.0,2
ATOMPAX,0.0,0.0,0.0,0.0,2
ATOMTUSD,0.0,0.0,0.0,0.0,2
ETCUSDC,0.0,0.0,0.0,0.0,2
ETCPAX,0.0,0.0,0.0,0.0,2
ETCTUSD,0.0,0.0,0.0,0.0,2
BATUSDC,0.0,0.0,0.0,0.0,2
BATPAX,0.0,0.0,0.0,0.0,2
BATTUSD,0.0,0.0,0.0,0.0,2
PHBBNB,0.0,0.0,0.0,0.0,2
PHBBTC,0.0,400.0,18275.8,0.4772654,0
PHBUSDC,0.0,0.0,0.0,0.0,2
PHBTUSD,0.0,0.0,0.0,0.0,2
PHBPAX,0.0,0.0,0.0,0.0,2
TFUELBNB,0.0,0.0,0.0,0.0,2
TFUELBTC,0.0,400.0,18275.8,0.4772654,0
TFUELUSDT,0.0,400.0,18275.8,0.4772654,0
TFUELUSDC,0.0,0.0,0.0,0.0,2
TFUELTUSD,0.0,0.0,0.0,0.0,2
TFUELPAX,0.0,0.0,0.0,0.0,2
ONEBNB,0.0,400.0,18275.8,0.4772654,0
ONEBTC,0.0,400.0,18275.8,0.4772654,0
ONEUSDT,0.0,400.0,18275.8,0.4772654,0
ONETUSD,0.0,0.0,0.0,0.0,2
ONEPAX,0.0,0.0,0.0,0.0,2
ONEUSDC,0.0,0.0,0.0,0.0,2
FTMBNB,0.0,400.0,18275.8,0.4772654,0
FTMBTC,0.0,400.0,18275.8,0.4772654,0
FTMUSDT,0.0,400.0,18275.8,0.4772654,0
FTMTUSD,0.0,0.0,0.0,0.0,2
FTMPAX,0.0,0.0,0.0,0.0,2
FTMUSDC,0.0,0.0,0.0,0.0,2
BTCBBTC,0.0,0.0,0.0,0.0,2
BCPTTUSD,0.0,0.0,0.0,0.0,2
BCPTPAX,0.0,0.0,0.0,0.0,2
BCPTUSDC,0.0,0.0,0.0,0.0,2
ALGOBNB,0.0,400.0,18275.8,0.4772654,0
ALGOBTC,0.0,400.0,18275.8,0.4772654,0
ALGOUSDT,0.0,400.0,18275.8,0.4772654,0
ALGOTUSD,0.0,0.0,0.0,0.0,2
ALGOPAX,0.0,0.0,0.0,0.0,2
ALGOUSDC,0.0,0.0,0.0,0.0,2
USDSBUSDT,0.0,0.0,0.0,0.0,2
USDSBUSDS,0.0,0.0,0.0,0.0,2
GTOUSDT,0.0,0.0,0.0,0.0,2
GTOPAX,0.0,0.0,0.0,0.0,2
GTOTUSD,0.0,0.0,0.0,0.0,2
GTOUSDC,0.0,0.0,0.0,0.0,2
ERDBNB,0.0,0.0,0.0,0.0,2
ERDBTC,0.0,0.0,0.0,0.0,2
ERDUSDT,0.0,0.0,0.0,0.0,2
ERDPAX,0.0,0.0,0.0,0.0,2
ERDUSDC,0.0,0.0,0.0,0.0,2
DOGEBNB,0.0,0.0,0.0,0.0,2
DOGEBTC,0.0,400.0,18275.8,0.4772654,0
DOGEUSDT,0.0,400.0,18275.8,0.4772654,0
DOGEPAX,0.0,0.0,0.0,0.0,2
DOGEUSDC,0.0,0.0,0.0,0.0,2
DUSKBNB,0.0,0.0,0.0,0.0,2
DUSKBTC,0.0,400.0,18275.8,0.4772654,0
DUSKUSDT,0.0,400.0,18275.8,0.4772654,0
DUSKUSDC,0.0,0.0,0.0,0.0,2
DUSKPAX,0.0,0.0,0.0,0.0,2
BGBPUSDC,0.0,0.0,0.0,0.0,2
ANKRBNB,0.0,400.0,18275.8,0.4772654,0
ANKRBTC,0.0,400.0,18275.8,0.4772654,0
ANKRUSDT,0.0,400.0,18275.8,0.4772654,0
ANKRTUSD,0.0,0.0,0.0,0.0,2
ANKRPAX,0.0,0.0,0.0,0.0,2
ANKRUSDC,0.0,0.0,0.0,0.0,2
ONTPAX,0.0,0.0,0.0,0.0,2
ONTUSDC,0.0,0.0,0.0,0.0,2
WINBNB,0.0,400.0,18275.8,0.4772654,0
WINBTC,0.0,0.0,0.0,0.0,2
WINUSDT,0.0,400.0,18275.8,0.4772654,0
WINUSDC,0.0,0.0,0.0,0.0,2
COSBNB,0.0,400.0,18275.8,0.4772654,0
COSBTC,0.0,400.0,18275.8,0.4772654,0
COSUSDT,0.0,400.0,18275.8,0.4772654,0
TUSDBTUSD,0.0,0.0,0.0,0.0,2
NPXSUSDT,0.0,0.0,0.0,0.0,2
NPXSUSDC,0.0,0.0,0.0,0.0,2
COCOSBNB,0.0,400.0,18275.8,0.4772654,0
COCOSBTC,0.0,0.0,0.0,0.0,2
COCOSUSDT,0.0,400.0,18275.8,0.4772654,0
MTLUSDT,0.0,400.0,18275.8,0.4772654,0
TOMOBNB,0.0,0.0,0.0,0.0,2
TOMOBTC,0.0,400.0,18275.8,0.4772654,0
TOMOUSDT,0.0,400.0,18275.8,0.4772654,0
TOMOUSDC,0.0,0.0,0.0,0.0,2
PERLBNB,0.0,0.0,0.0,0.0,2
PERLBTC,0.0,0.0,0.0,0.0,2
PERLUSDC,0.0,0.0,0.0,0.0,2
PERLUSDT,0.0,400.0,18275.8,0.4772654,0
DENTUSDT,0.0,400.0,18275.8,0.4772654,0
MFTUSDT,0.0,400.0,18275.8,0.4772654,0
KEYUSDT,0.0,400.0,18275.8,0.4772654,0
STORMUSDT,0.0,0.0,0.0,0.0,2
DOCKUSDT,0.0,400.0,18275.8,0.4772654,0
WANUSDT,0.0,400.0,18275.8,0.4772654,0
FUNUSDT,0.0,400.0,18275.8,0.4772654,0
CVCUSDT,0.0,0.0,0.0,0.0,2
BTTTRX,0.0,0.0,0.0,0.0,2
WINTRX,0.0,400.0,18275.8,0.4772654,0
CHZBNB,0.0,400.0,18275.8,0.4772654,0
CHZBTC,0.0,400.0,18275.8,0.4772654,0
CHZUSDT,0.0,400.0,18275.8,0.4772654,0
BANDBNB,0.0,0.0,0.0,0.0,2
BANDBTC,0.0,400.0,18275.8,0.4772654,0
BANDUSDT,0.0,400.0,18275.8,0.4772654,0
BNBBUSD,0.0,400.0,18275.8,0.4772654,0
BTCBUSD,0.0,400.0,18275.8,0.4772654,0
BUSDUSDT,0.0,400.0,18275.8,0.4772654,0
BEAMBNB,0.0,0.0,0.0,0.0,2
BEAMBTC,0.0,0.0,0.0,0.0,2
BEAMUSDT,0.0,400.0,18275.8,0.4772654,0
XTZBNB,0.0,400.0,18275.8,0.4772654,0
XTZBTC,0.0,400.0,18275.8,0.4772654,0
XTZUSDT,0.0,400.0,18275.8,0.4772654,0
RENUSDT,0.0,400.0,18275.8,0.4772654,0
RVNUSDT,0.0,400.0,18275.8,0.4772654,0
HCUSDT,0.0,0.0,0.0,0.0,2
HBARBNB,0.0,400.0,18275.8,0.4772654,0
HBARBTC,0.0,400.0,18275.8,0.4772654,0
HBARUSDT,0.0,400.0,18275.8,0.4772654,0
NKNBNB,0.0,0.0,0.0,0.0,2
NKNBTC,0.0,400.0,18275.8,0.4772654,0
NKNUSDT,0.0,400.0,18275.8,0.4772654,0
XRPBUSD,0.0,400.0,18275.8,0.4772654,0
ETHBUSD,0.0,400.0,18275.8,0.4772654,0
BCHABCBUSD,0.0,0.0,0.0,0.0,2
LTCBUSD,0.0,400.0,18275.8,0.4772654,0
LINKBUSD,0.0,400.0,18275.8,0.4772654,0
ETCBUSD,0.0,400.0,18275.8,0.4772654,0
STXBNB,0.0,400.0,18275.8,0.4772654,0
STXBTC,0.0,400.0,18275.8,0.4772654,0
STXUSDT,0.0,400.0,18275.8,0.4772654,0
KAVABNB,0.0,400.0,18275.8,0.4772654,0
KAVABTC,0.0,400.0,18275.8,0.4772654,0
KAVAUSDT,0.0,400.0,18275.8,0.4772654,0
BUSDNGN,0.0,0.0,0.0,0.0,2
BNBNGN,0.0,0.0,0.0,0.0,2
BTCNGN,0.0,0.0,0.0,0.0,2
ARPABNB,0.0,400.0,18275.8,0.4772654,0
ARPABTC,0.0,400.0,18275.8,0.4772654,0
ARPAUSDT,0.0,400.0,18275.8,0.4772654,0
TRXBUSD,0.0,400.0,18275.8,0.4772654,0
EOSBUSD,0.0,400.0,18275.8,0.4772654,0
IOTXUSDT,0.0,400.0,18275.8,0.4772654,0
RLCUSDT,0.0,400.0,18275.8,0.4772654,0
MCOUSDT,0.0,0.0,0.0,0.0,2
XLMBUSD,0.0,400.0,18275.8,0.4772654,0
ADABUSD,0.0,400.0,18275.8,0.4772654,0
CTXCBNB,0.0,0.0,0.0,0.0,2
CTXCBTC,0.0,400.0,18275.8,0.4772654,0
CTXCUSDT,0.0,400.0,18275.8,0.4772654,0
BCHBNB,0.0,400.0,18275.8,0.4772654,0
BCHBTC,0.0,400.0,18275.8,0.4772654,0
BCHUSDT,0.0,400.0,18275.8,0.4772654,0
BCHUSDC,0.0,0.0,0.0,0.0,2
BCHTUSD,0.0,0.0,0.0,0.0,2
BCHPAX,0.0,0.0,0.0,0.0,2
BCHBUSD,0.0,400.0,18275.8,0.4772654,0
BTCRUB,0.0,400.0,18275.8,0.4772654,0
ETHRUB,0.0,400.0,18275.8,0.4772654,0
XRPRUB,0.0,400.0,18275.8,0.4772654,0
BNBRUB,0.0,400.0,18275.8,0.4772654,0
TROYBNB,0.0,0.0,0.0,0.0,2
TROYBTC,0.0,0.0,0.0,0.0,2
TROYUSDT,0.0,400.0,18275.8,0.4772654,0
BUSDRUB,0.0,400.0,18275.8,0.4772654,0
QTUMBUSD,0.0,400.0,18275.8,0.4772654,0
VETBUSD,0.0,400.0,18275.8,0.4772654,0
VITEBNB,0.0,0.0,0.0,0.0,2
VITEBTC,0.0,400.0,18275.8,0.4772654,0
VITEUSDT,0.0,400.0,18275.8,0.4772654,0
FTTBNB,0.0,0.0,0.0,0.0,2
FTTBTC,0.0,0.0,0.0,0.0,2
FTTUSDT,0.0,0.0,0.0,0.0,2
BTCTRY,0.0,400.0,18275.8,0.4772654,0
BNBTRY,0.0,400.0,18275.8,0.4772654,0
BUSDTRY,0.0,400.0,18275.8,0.4772654,0
ETHTRY,0.0,400.0,18275.8,0.4772654,0
XRPTRY,0.0,400.0,18275.8,0.4772654,0
USDTTRY,0.0,400.0,18275.8,0.4772654,0
USDTRUB,0.0,400.0,18275.8,0.4772654,0
BTCEUR,0.0,400.0,18275.8,0.4772654,0
ETHEUR,0.0,400.0,18275.8,0.4772654,0
BNBEUR,0.0,400.0,18275.8,0.4772654,0
XRPEUR,0.0,400.0,18275.8,0.4772654,0
EURBUSD,0.0,400.0,18275.8,0.4772654,0
EURUSDT,0.0,400.0,18275.8,0.4772654,0
OGNBNB,0.0,0.0,0.0,0.0,2
OGNBTC,0.0,400.0,18275.8,0.4772654,0
OGNUSDT,0.0,400.0,18275.8,0.4772654,0
DREPBNB,0.0,0.0,0.0,0.0,2
DREPBTC,0.0,400.0,18275.8,0.4772654,0
DREPUSDT,0.0,400.0,18275.8,0.4772654,0
BULLUSDT,0.0,0.0,0.0,0.0,2
BULLBUSD,0.0,0.0,0.0,0.0,2
BEARUSDT,0.0,0.0,0.0,0.0,2
BEARBUSD,0.0,0.0,0.0,0.0,2
ETHBULLUSDT,0.0,0.0,0.0,0.0,2
ETHBULLBUSD,0.0,0.0,0.0,0.0,2
ETHBEARUSDT,0.0,0.0,0.0,0.0,2
ETHBEARBUSD,0.0,0.0,0.0,0.0,2
TCTBNB,0.0,0.0,0.0,0.0,2
TCTBTC,0.0,0.0,0.0,0.0,2
TCTUSDT,0.0,0.0,0.0,0.0,2
WRXBNB,0.0,400.0,18275.8,0.4772654,0
WRXBTC,0.0,400.0,18275.8,0.4772654,0
WRXUSDT,0.0,400.0,18275.8,0.4772654,0
ICXBUSD,0.0,400.0,18275.8,0.4772654,0
BTSUSDT,0.0,400.0,18275.8,0.4772654,0
BTSBUSD,0.0,0.0,0.0,0.0,2
LSKUSDT,0.0,400.0,18275.8,0.4772654,0
BNTUSDT,0.0,400.0,18275.8,0.4772654,0
BNTBUSD,0.0,400.0,18275.8,0.4772654,0
LTOBNB,0.0,0.0,0.0,0.0,2
LTOBTC,0.0,400.0,18275.8,0.4772654,0
LTOUSDT,0.0,400.0,18275.8,0.4772654,0
ATOMBUSD,0.0,400.0,18275.8,0.4772654,0
DASHBUSD,0.0,400.0,18275.8,0.4772654,0
NEOBUSD,0.0,400.0,18275.8,0.4772654,0
WAVESBUSD,0.0,400.0,18275.8,0.4772654,0
XTZBUSD,0.0,400.0,18275.8,0.4772654,0
EOSBULLUSDT,0.0,0.0,0.0,0.0,2
EOSBULLBUSD,0.0,0.0,0.0,0.0,2
EOSBEARUSDT,0.0,0.0,0.0,0.0,2
EOSBEARBUSD,0.0,0.0,0.0,0.0,2
XRPBULLUSDT,0.0,0.0,0.0,0.0,2
XRPBULLBUSD,0.0,0.0,0.0,0.0,2
XRPBEARUSDT,0.0,0.0,0.0,0.0,2
XRPBEARBUSD,0.0,0.0,0.0,0.0,2
BATBUSD,0.0,400.0,18275.8,0.4772654,0
ENJBUSD,0.0,400.0,18275.8,0.4772654,0
NANOBUSD,0.0,0.0,0.0,0.0,2
ONTBUSD,0.0,400.0,18275.8,0.4772654,0
RVNBUSD,0.0,400.0,18275.8,0.4772654,0
STRATBUSD,0.0,0.0,0.0,0.0,2
STRATBNB,0.0,0.0,0.0,0.0,2
STRATUSDT,0.0,0.0,0.0,0.0,2
AIONBUSD,0.0,0.0,0.0,0.0,2
AIONUSDT,0.0,400.0,18275.8,0.4772654,0
MBLBNB,0.0,0.0,0.0,0.0,2
MBLBTC,0.0,0.0,0.0,0.0,2
MBLUSDT,0.0,400.0,18275.8,0.4772654,0
COTIBNB,0.0,400.0,18275.8,0.4772654,0
COTIBTC,0.0,400.0,18275.8,0.4772654,0
COTIUSDT,0.0,400.0,18275.8,0.4772654,0
ALGOBUSD,0.0,400.0,18275.8,0.4772654,0
BTTBUSD,0.0,0.0,0.0,0.0,2
TOMOBUSD,0.0,400.0,18275.8,0.4772654,0
XMRBUSD,0.0,400.0,18275.8,0.4772654,0
ZECBUSD,0.0,400.0,18275.8,0.4772654,0
BNBBULLUSDT,0.0,0.0,0.0,0.0,2
BNBBULLBUSD,0.0,0.0,0.0,0.0,2
BNBBEARUSDT,0.0,0.0,0.0,0.0,2
BNBBEARBUSD,0.0,0.0,0.0,0.0,2
STPTBNB,0.0,0.0,0.0,0.0,2
STPTBTC,0.0,400.0,18275.8,0.4772654,0
STPTUSDT,0.0,400.0,18275.8,0.4772654,0
BTCZAR,0.0,400.0,18275.8,0.4772654,0
ETHZAR,0.0,400.0,18275.8,0.4772654,0
BNBZAR,0.0,0.0,0.0,0.0,2
USDTZAR,0.0,0.0,0.0,0.0,2
BUSDZAR,0.0,400.0,18275.8,0.4772654,0
BTCBKRW,0.0,0.0,0.0,0.0,2
ETHBKRW,0.0,0.0,0.0,0.0,2
BNBBKRW,0.0,0.0,0.0,0.0,2
WTCUSDT,0.0,400.0,18275.8,0.4772654,0
DATABUSD,0.0,400.0,18275.8,0.4772654,0
DATAUSDT,0.0,400.0,18275.8,0.4772654,0
XZCUSDT,0.0,0.0,0.0,0.0,2
SOLBNB,0.0,400.0,18275.8,0.4772654,0
SOLBTC,0.0,400.0,18275.8,0.4772654,0
SOLUSDT,0.0,400.0,18275.8,0.4772654,0
SOLBUSD,0.0,400.0,18275.8,0.4772654,0
BTCIDRT,0.0,0.0,0.0,0.0,2
BNBIDRT,0.0,0.0,0.0,0.0,2
USDTIDRT,0.0,400.0,18275.8,0.4772654,0
BUSDIDRT,0.0,0.0,0.0,0.0,2
CTSIBTC,0.0,400.0,18275.8,0.4772654,0
CTSIUSDT,0.0,400.0,18275.8,0.4772654,0
CTSIBNB,0.0,400.0,18275.8,0.4772654,0
CTSIBUSD,0.0,400.0,18275.8,0.4772654,0
HIVEBNB,0.0,0.0,0.0,0.0,2
HIVEBTC,0.0,400.0,18275.8,0.4772654,0
HIVEUSDT,0.0,400.0,18275.8,0.4772654,0
CHRBNB,0.0,400.0,18275.8,0.4772654,0
CHRBTC,0.0,400.0,18275.8,0.4772654,0
CHRUSDT,0.0,400.0,18275.8,0.4772654,0
BTCUPUSDT,0.0,400.0,18275.8,0.4772654,0
BTCDOWNUSDT,0.0,400.0,18275.8,0.4772654,0
GXSUSDT,0.0,0.0,0.0,0.0,2
ARDRUSDT,0.0,400.0,18275.8,0.4772654,0
ERDBUSD,0.0,0.0,0.0,0.0,2
LENDUSDT,0.0,0.0,0.0,0.0,2
HBARBUSD,0.0,400.0,18275.8,0.4772654,0
MATICBUSD,0.0,400.0,18275.8,0.4772654,0
WRXBUSD,0.0,400.0,18275.8,0.4772654,0
ZILBUSD,0.0,400.0,18275.8,0.4772654,0
MDTBNB,0.0,0.0,0.0,0.0,2
MDTBTC,0.0,400.0,18275.8,0.4772654,0
MDTUSDT,0.0,400.0,18275.8,0.4772654,0
STMXBTC,0.0,400.0,18275.8,0.4772654,0
STMXETH,0.0,0.0,0.0,0.0,2
STMXUSDT,0.0,400.0,18275.8,0.4772654,0
KNCBUSD,0.0,400.0,18275.8,0.4772654,0
KNCUSDT,0.0,400.0,18275.8,0.4772654,0
REPBUSD,0.0,0.0,0.0,0.0,2
REPUSDT,0.0,0.0,0.0,0.0,2
LRCBUSD,0.0,400.0,18275.8,0.4772654,0
LRCUSDT,0.0,400.0,18275.8,0.4772654,0
IQBNB,0.0,0.0,0.0,0.0,2
IQBUSD,0.0,400.0,18275.8,0.4772654,0
PNTBTC,0.0,0.0,0.0,0.0,2
PNTUSDT,0.0,400.0,18275.8,0.4772654,0
BTCGBP,0.0,400.0,18275.8,0.4772654,0
ETHGBP,0.0,400.0,18275.8,0.4772654,0
XRPGBP,0.0,400.0,18275.8,0.4772654,0
BNBGBP,0.0,400.0,18275.8,0.4772654,0
GBPBUSD,0.0,400.0,18275.8,0.4772654,0
DGBBTC,0.0,400.0,18275.8,0.4772654,0
DGBBUSD,0.0,400.0,18275.8,0.4772654,0
BTCUAH,0.0,400.0,18275.8,0.4772654,0
USDTUAH,0.0,400.0,18275.8,0.4772654,0
COMPBTC,0.0,400.0,18275.8,0.4772654,0
COMPBNB,0.0,0.0,0.0,0.0,2
COMPBUSD,0.0,400.0,18275.8,0.4772654,0
COMPUSDT,0.0,400.0,18275.8,0.4772654,0
BTCBIDR,0.0,400.0,18275.8,0.4772654,0
ETHBIDR,0.0,400.0,18275.8,0.4772654,0
BNBBIDR,0.0,400.0,18275.8,0.4772654,0
BUSDBIDR,0.0,400.0,18275.8,0.4772654,0
USDTBIDR,0.0,400.0,18275.8,0.4772654,0
BKRWUSDT,0.0,0.0,0.0,0.0,2
BKRWBUSD,0.0,0.0,0.0,0.0,2
SCUSDT,0.0,400.0,18275.8,0.4772654,0
ZENUSDT,0.0,400.0,18275.8,0.4772654,0
SXPBTC,0.0,400.0,18275.8,0.4772654,0
SXPBNB,0.0,400.0,18275.8,0.4772654,0
SXPBUSD,0.0,400.0,18275.8,0.4772654,0
SNXBTC,0.0,400.0,18275.8,0.4772654,0
SNXBNB,0.0,400.0,18275.8,0.4772654,0
SNXBUSD,0.0,400.0,18275.8,0.4772654,0
SNXUSDT,0.0,400.0,18275.8,0.4772654,0
ETHUPUSDT,0.0,400.0,18275.8,0.4772654,0
ETHDOWNUSDT,0.0,400.0,18275.8,0.4772654,0
ADAUPUSDT,0.0,400.0,18275.8,0.4772654,0
ADADOWNUSDT,0.0,400.0,18275.8,0.4772654,0
LINKUPUSDT,0.0,400.0,18275.8,0.4772654,0
LINKDOWNUSDT,0.0,400.0,18275.8,0.4772654,0
VTHOBNB,0.0,0.0,0.0,0.0,2
VTHOBUSD,0.0,0.0,0.0,0.0,2
VTHOUSDT,0.0,400.0,18275.8,0.4772654,0
DCRBUSD,0.0,0.0,0.0,0.0,2
DGBUSDT,0.0,400.0,18275.8,0.4772654,0
GBPUSDT,0.0,400.0,18275.8,0.4772654,0
STORJBUSD,0.0,400.0,18275.8,0.4772654,0
SXPUSDT,0.0,400.0,18275.8,0.4772654,0
IRISBNB,0.0,0.0,0.0,0.0,2
IRISBTC,0.0,400.0,18275.8,0.4772654,0
IRISBUSD,0.0,0.0,0.0,0.0,2
MKRBNB,0.0,0.0,0.0,0.0,2
MKRBTC,0.0,400.0,18275.8,0.4772654,0
MKRUSDT,0.0,400.0,18275.8,0.4772654,0
MKRBUSD,0.0,400.0,18275.8,0.4772654,0
DAIBNB,0.0,0.0,0.0,0.0,2
DAIBTC,0.0,0.0,0.0,0.0,2
DAIUSDT,0.0,0.0,0.0,0.0,2
DAIBUSD,0.0,0.0,0.0,0.0,2
RUNEBNB,0.0,400.0,18275.8,0.4772654,0
RUNEBTC,0.0,400.0,18275.8,0.4772654,0
RUNEBUSD,0.0,400.0,18275.8,0.4772654,0
MANABUSD,0.0,400.0,18275.8,0.4772654,0
DOGEBUSD,0.0,400.0,18275.8,0.4772654,0
LENDBUSD,0.0,0.0,0.0,0.0,2
ZRXBUSD,0.0,400.0,18275.8,0.4772654,0
DCRUSDT,0.0,400.0,18275.8,0.4772654,0
STORJUSDT,0.0,400.0,18275.8,0.4772654,0
XRPBKRW,0.0,0.0,0.0,0.0,2
ADABKRW,0.0,0.0,0.0,0.0,2
BTCAUD,0.0,400.0,18275.8,0.4772654,0
ETHAUD,0.0,400.0,18275.8,0.4772654,0
AUDBUSD,0.0,400.0,18275.8,0.4772654,0
FIOBNB,0.0,0.0,0.0,0.0,2
FIOBTC,0.0,400.0,18275.8,0.4772654,0
FIOBUSD,0.0,400.0,18275.8,0.4772654,0
BNBUPUSDT,0.0,400.0,18275.8,0.4772654,0
BNBDOWNUSDT,0.0,400.0,18275.8,0.4772654,0
XTZUPUSDT,0.0,0.0,0.0,0.0,2
XTZDOWNUSDT,0.0,0.0,0.0,0.0,2
AVABNB,0.0,0.0,0.0,0.0,2
AVABTC,0.0,400.0,18275.8,0.4772654,0
AVABUSD,0.0,400.0,18275.8,0.4772654,0
USDTBKRW,0.0,0.0,0.0,0.0,2
BUSDBKRW,0.0,0.0,0.0,0.0,2
IOTABUSD,0.0,400.0,18275.8,0.4772654,0
MANAUSDT,0.0,400.0,18275.8,0.4772654,0
XRPAUD,0.0,400.0,18275.8,0.4772654,0
BNBAUD,0.0,400.0,18275.8,0.4772654,0
AUDUSDT,0.0,400.0,18275.8,0.4772654,0
BALBNB,0.0,0.0,0.0,0.0,2
BALBTC,0.0,400.0,18275.8,0.4772654,0
BALBUSD,0.0,400.0,18275.8,0.4772654,0
YFIBNB,0.0,0.0,0.0,0.0,2
YFIBTC,0.0,400.0,18275.8,0.4772654,0
YFIBUSD,0.0,400.0,18275.8,0.4772654,0
YFIUSDT,0.0,400.0,18275.8,0.4772654,0
BLZBUSD,0.0,400.0,18275.8,0.4772654,0
KMDBUSD,0.0,0.0,0.0,0.0,2
BALUSDT,0.0,400.0,18275.8,0.4772654,0
BLZUSDT,0.0,400.0,18275.8,0.4772654,0
IRISUSDT,0.0,400.0,18275.8,0.4772654,0
KMDUSDT,0.0,400.0,18275.8,0.4772654,0
BTCDAI,0.0,400.0,18275.8,0.4772654,0
ETHDAI,0.0,400.0,18275.8,0.4772654,0
BNBDAI,0.0,400.0,18275.8,0.4772654,0
USDTDAI,0.0,400.0,18275.8,0.4772654,0
BUSDDAI,0.0,400.0,18275.8,0.4772654,0
JSTBNB,0.0,0.0,0.0,0.0,2
JSTBTC,0.0,400.0,18275.8,0.4772654,0
JSTBUSD,0.0,400.0,18275.8,0.4772654,0
JSTUSDT,0.0,400.0,18275.8,0.4772654,0
SRMBNB,0.0,0.0,0.0,0.0,2
SRMBTC,0.0,0.0,0.0,0.0,2
SRMBUSD,0.0,400.0,18275.8,0.4772654,0
SRMUSDT,0.0,0.0,0.0,0.0,2
ANTBNB,0.0,400.0,18275.8,0.4772654,0
ANTBTC,0.0,400.0,18275.8,0.4772654,0
ANTBUSD,0.0,400.0,18275.8,0.4772654,0
ANTUSDT,0.0,400.0,18275.8,0.4772654,0
CRVBNB,0.0,0.0,0.0,0.0,2
CRVBTC,0.0,400.0,18275.8,0.4772654,0
CRVBUSD,0.0,400.0,18275.8,0.4772654,0
CRVUSDT,0.0,400.0,18275.8,0.4772654,0
SANDBNB,0.0,400.0,18275.8,0.4772654,0
SANDBTC,0.0,400.0,18275.8,0.4772654,0
SANDUSDT,0.0,400.0,18275.8,0.4772654,0
SANDBUSD,0.0,400.0,18275.8,0.4772654,0
OCEANBNB,0.0,400.0,18275.8,0.4772654,0
OCEANBTC,0.0,400.0,18275.8,0.4772654,0
OCEANBUSD,0.0,400.0,18275.8,0.4772654,0
OCEANUSDT,0.0,400.0,18275.8,0.4772654,0
NMRBTC,0.0,400.0,18275.8,0.4772654,0
NMRBUSD,0.0,400.0,18275.8,0.4772654,0
NMRUSDT,0.0,400.0,18275.8,0.4772654,0
DOTBNB,0.0,400.0,18275.8,0.4772654,0
DOTBTC,0.0,400.0,18275.8,0.4772654,0
DOTBUSD,0.0,400.0,18275.8,0.4772654,0
DOTUSDT,0.0,400.0,18275.8,0.4772654,0
LUNABNB,0.0,0.0,0.0,0.0,2
LUNABTC,0.0,0.0,0.0,0.0,2
LUNABUSD,0.0,400.0,18275.8,0.4772654,0
LUNAUSDT,0.0,400.0,18275.8,0.4772654,0
IDEXBTC,0.0,400.0,18275.8,0.4772654,0
IDEXBUSD,0.0,400.0,18275.8,0.4772654,0
RSRBNB,0.0,400.0,18275.8,0.4772654,0
RSRBTC,0.0,0.0,0.0,0.0,2
RSRBUSD,0.0,400.0,18275.8,0.4772654,0
RSRUSDT,0.0,400.0,18275.8,0.4772654,0
PAXGBNB,0.0,400.0,18275.8,0.4772654,0
PAXGBTC,0.0,400.0,18275.8,0.4772654,0
PAXGBUSD,0.0,400.0,18275.8,0.4772654,0
PAXGUSDT,0.0,400.0,18275.8,0.4772654,0
WNXMBNB,0.0,0.0,0.0,0.0,2
WNXMBTC,0.0,0.0,0.0,0.0,2
WNXMBUSD,0.0,0.0,0.0,0.0,2
WNXMUSDT,0.0,400.0,18275.8,0.4772654,0
TRBBNB,0.0,0.0,0.0,0.0,2
TRBBTC,0.0,400.0,18275.8,0.4772654,0
TRBBUSD,0.0,400.0,18275.8,0.4772654,0
TRBUSDT,0.0,400.0,18275.8,0.4772654,0
ETHNGN,0.0,0.0,0.0,0.0,2
DOTBIDR,0.0,400.0,18275.8,0.4772654,0
LINKAUD,0.0,400.0,18275.8,0.4772654,0
SXPAUD,0.0,0.0,0.0,0.0,2
BZRXBNB,0.0,0.0,0.0,0.0,2
BZRXBTC,0.0,0.0,0.0,0.0,2
BZRXBUSD,0.0,0.0,0.0,0.0,2
BZRXUSDT,0.0,0.0,0.0,0.0,2
WBTCBTC,0.0,400.0,18275.8,0.4772654,0
WBTCETH,0.0,400.0,18275.8,0.4772654,0
SUSHIBNB,0.0,400.0,18275.8,0.4772654,0
SUSHIBTC,0.0,400.0,18275.8,0.4772654,0
SUSHIBUSD,0.0,400.0,18275.8,0.4772654,0
SUSHIUSDT,0.0,400.0,18275.8,0.4772654,0
YFIIBNB,0.0,0.0,0.0,0.0,2
YFIIBTC,0.0,0.0,0.0,0.0,2
YFIIBUSD,0.0,0.0,0.0,0.0,2
YFIIUSDT,0.0,400.0,18275.8,0.4772654,0
KSMBNB,0.0,0.0,0.0,0.0,2
KSMBTC,0.0,400.0,18275.8,0.4772654,0
KSMBUSD,0.0,400.0,18275.8,0.4772654,0
KSMUSDT,0.0,400.0,18275.8,0.4772654,0
EGLDBNB,0.0,400.0,18275.8,0.4772654,0
EGLDBTC,0.0,400.0,18275.8,0.4772654,0
EGLDBUSD,0.0,400.0,18275.8,0.4772654,0
EGLDUSDT,0.0,400.0,18275.8,0.4772654,0
DIABNB,0.0,0.0,0.0,0.0,2
DIABTC,0.0,400.0,18275.8,0.4772654,0
DIABUSD,0.0,400.0,18275.8,0.4772654,0
DIAUSDT,0.0,400.0,18275.8,0.4772654,0
RUNEUSDT,0.0,400.0,18275.8,0.4772654,0
FIOUSDT,0.0,400.0,18275.8,0.4772654,0
UMABTC,0.0,400.0,18275.8,0.4772654,0
UMAUSDT,0.0,400.0,18275.8,0.4772654,0
EOSUPUSDT,0.0,0.0,0.0,0.0,2
EOSDOWNUSDT,0.0,0.0,0.0,0.0,2
TRXUPUSDT,0.0,0.0,0.0,0.0,2
TRXDOWNUSDT,0.0,0.0,0.0,0.0,2
XRPUPUSDT,0.0,400.0,18275.8,0.4772654,0
XRPDOWNUSDT,0.0,400.0,18275.8,0.4772654,0
DOTUPUSDT,0.0,0.0,0.0,0.0,2
DOTDOWNUSDT,0.0,0.0,0.0,0.0,2
SRMBIDR,0.0,0.0,0.0,0.0,2
ONEBIDR,0.0,0.0,0.0,0.0,2
LINKTRY,0.0,400.0,18275.8,0.4772654,0
USDTNGN,0.0,400.0,18275.8,0.4772654,0
BELBNB,0.0,400.0,18275.8,0.4772654,0
BELBTC,0.0,400.0,18275.8,0.4772654,0
BELBUSD,0.0,400.0,18275.8,0.4772654,0
BELUSDT,0.0,400.0,18275.8,0.4772654,0
WINGBNB,0.0,0.0,0.0,0.0,2
WINGBTC,0.0,400.0,18275.8,0.4772654,0
SWRVBNB,0.0,0.0,0.0,0.0,2
SWRVBUSD,0.0,0.0,0.0,0.0,2
WINGBUSD,0.0,400.0,18275.8,0.4772654,0
WINGUSDT,0.0,400.0,18275.8,0.4772654,0
LTCUPUSDT,0.0,0.0,0.0,0.0,2
LTCDOWNUSDT,0.0,0.0,0.0,0.0,2
LENDBKRW,0.0,0.0,0.0,0.0,2
SXPEUR,0.0,400.0,18275.8,0.4772654,0
CREAMBNB,0.0,0.0,0.0,0.0,2
CREAMBUSD,0.0,400.0,18275.8,0.4772654,0
UNIBNB,0.0,400.0,18275.8,0.4772654,0
UNIBTC,0.0,400.0,18275.8,0.4772654,0
UNIBUSD,0.0,400.0,18275.8,0.4772654,0
UNIUSDT,0.0,400.0,18275.8,0.4772654,0
NBSBTC,0.0,0.0,0.0,0.0,2
NBSUSDT,0.0,0.0,0.0,0.0,2
OXTBTC,0.0,400.0,18275.8,0.4772654,0
OXTUSDT,0.0,400.0,18275.8,0.4772654,0
SUNBTC,0.0,0.0,0.0,0.0,2
SUNUSDT,0.0,400.0,18275.8,0.4772654,0
AVAXBNB,0.0,400.0,18275.8,0.4772654,0
AVAXBTC,0.0,400.0,18275.8,0.4772654,0
AVAXBUSD,0.0,400.0,18275.8,0.4772654,0
AVAXUSDT,0.0,400.0,18275.8,0.4772654,0
HNTBTC,0.0,0.0,0.0,0.0,2
HNTUSDT,0.0,0.0,0.0,0.0,2
BAKEBNB,0.0,400.0,18275.8,0.4772654,0
BURGERBNB,0.0,400.0,18275.8,0.4772654,0
SXPBIDR,0.0,0.0,0.0,0.0,2
LINKBKRW,0.0,0.0,0.0,0.0,2
FLMBNB,0.0,0.0,0.0,0.0,2
FLMBTC,0.0,400.0,18275.8,0.4772654,0
FLMBUSD,0.0,0.0,0.0,0.0,2
FLMUSDT,0.0,400.0,18275.8,0.4772654,0
SCRTBTC,0.0,400.0,18275.8,0.4772654,0
SCRTETH,0.0,400.0,18275.8,0.4772654,0
CAKEBNB,0.0,400.0,18275.8,0.4772654,0
CAKEBUSD,0.0,400.0,18275.8,0.4772654,0
SPARTABNB,0.0,0.0,0.0,0.0,2
UNIUPUSDT,0.0,0.0,0.0,0.0,2
UNIDOWNUSDT,0.0,0.0,0.0,0.0,2
ORNBTC,0.0,400.0,18275.8,0.4772654,0
ORNUSDT,0.0,400.0,18275.8,0.4772654,0
TRXNGN,0.0,0.0,0.0,0.0,2
SXPTRY,0.0,400.0,18275.8,0.4772654,0
UTKBTC,0.0,400.0,18275.8,0.4772654,0
UTKUSDT,0.0,400.0,18275.8,0.4772654,0
XVSBNB,0.0,400.0,18275.8,0.4772654,0
XVSBTC,0.0,400.0,18275.8,0.4772654,0
XVSBUSD,0.0,400.0,18275.8,0.4772654,0
XVSUSDT,0.0,400.0,18275.8,0.4772654,0
ALPHABNB,0.0,400.0,18275.8,0.4772654,0
ALPHABTC,0.0,400.0,18275.8,0.4772654,0
ALPHABUSD,0.0,400.0,18275.8,0.4772654,0
ALPHAUSDT,0.0,400.0,18275.8,0.4772654,0
VIDTBTC,0.0,400.0,18275.8,0.4772654,0
VIDTBUSD,0.0,400.0,18275.8,0.4772654,0
AAVEBNB,0.0,400.0,18275.8,0.4772654,0
BTCBRL,0.0,400.0,18275.8,0.4772654,0
USDTBRL,0.0,400.0,18275.8,0.4772654,0
AAVEBTC,0.0,400.0,18275.8,0.4772654,0
AAVEETH,0.0,400.0,18275.8,0.4772654,0
AAVEBUSD,0.0,400.0,18275.8,0.4772654,0
AAVEUSDT,0.0,400.0,18275.8,0.4772654,0
AAVEBKRW,0.0,0.0,0.0,0.0,2
NEARBNB,0.0,400.0,18275.8,0.4772654,0
NEARBTC,0.0,400.0,18275.8,0.4772654,0
NEARBUSD,0.0,400.0,18275.8,0.4772654,0
NEARUSDT,0.0,400.0,18275.8,0.4772654,0
SXPUPUSDT,0.0,0.0,0.0,0.0,2
SXPDOWNUSDT,0.0,0.0,0.0,0.0,2
DOTBKRW,0.0,0.0,0.0,0.0,2
SXPGBP,0.0,0.0,0.0,0.0,2
FILBNB,0.0,400.0,18275.8,0.4772654,0
FILBTC,0.0,400.0,18275.8,0.4772654,0
FILBUSD,0.0,400.0,18275.8,0.4772654,0
FILUSDT,0.0,400.0,18275.8,0.4772654,0
FILUPUSDT,0.0,0.0,0.0,0.0,2
FILDOWNUSDT,0.0,0.0,0.0,0.0,2
YFIUPUSDT,0.0,0.0,0.0,0.0,2
YFIDOWNUSDT,0.0,0.0,0.0,0.0,2
INJBNB,0.0,400.0,18275.8,0.4772654,0
INJBTC,0.0,400.0,18275.8,0.4772654,0
INJBUSD,0.0,400.0,18275.8,0.4772654,0
INJUSDT,0.0,400.0,18275.8,0.4772654,0
AERGOBTC,0.0,400.0,18275.8,0.4772654,0
AERGOBUSD,0.0,400.0,18275.8,0.4772654,0
LINKEUR,0.0,400.0,18275.8,0.4772654,0
ONEBUSD,0.0,400.0,18275.8,0.4772654,0
EASYETH,0.0,0.0,0.0,0.0,2
AUDIOBTC,0.0,400.0,18275.8,0.4772654,0
AUDIOBUSD,0.0,400.0,18275.8,0.4772654,0
AUDIOUSDT,0.0,400.0,18275.8,0.4772654,0
CTKBNB,0.0,400.0,18275.8,0.4772654,0
CTKBTC,0.0,400.0,18275.8,0.4772654,0
CTKBUSD,0.0,400.0,18275.8,0.4772654,0
CTKUSDT,0.0,400.0,18275.8,0.4772654,0
BCHUPUSDT,0.0,0.0,0.0,0.0,2
BCHDOWNUSDT,0.0,0.0,0.0,0.0,2
BOTBTC,0.0,0.0,0.0,0.0,2
BOTBUSD,0.0,0.0,0.0,0.0,2
ETHBRL,0.0,400.0,18275.8,0.4772654,0
DOTEUR,0.0,400.0,18275.8,0.4772654,0
AKROBTC,0.0,0.0,0.0,0.0,2
AKROUSDT,0.0,400.0,18275.8,0.4772654,0
KP3RBNB,0.0,400.0,18275.8,0.4772654,0
KP3RBUSD,0.0,400.0,18275.8,0.4772654,0
AXSBNB,0.0,400.0,18275.8,0.4772654,0
AXSBTC,0.0,400.0,18275.8,0.4772654,0
AXSBUSD,0.0,400.0,18275.8,0.4772654,0
AXSUSDT,0.0,400.0,18275.8,0.4772654,0
HARDBNB,0.0,400.0,18275.8,0.4772654,0
HARDBTC,0.0,400.0,18275.8,0.4772654,0
HARDBUSD,0.0,400.0,18275.8,0.4772654,0
HARDUSDT,0.0,400.0,18275.8,0.4772654,0
BNBBRL,0.0,400.0,18275.8,0.4772654,0
LTCEUR,0.0,400.0,18275.8,0.4772654,0
RENBTCBTC,0.0,0.0,0.0,0.0,2
RENBTCETH,0.0,0.0,0.0,0.0,2
DNTBUSD,0.0,0.0,0.0,0.0,2
DNTUSDT,0.0,0.0,0.0,0.0,2
SLPETH,0.0,400.0,18275.8,0.4772654,0
ADAEUR,0.0,400.0,18275.8,0.4772654,0
LTCNGN,0.0,0.0,0.0,0.0,2
CVPETH,0.0,400.0,18275.8,0.4772654,0
CVPBUSD,0.0,400.0,18275.8,0.4772654,0
STRAXBTC,0.0,400.0,18275.8,0.4772654,0
STRAXETH,0.0,0.0,0.0,0.0,2
STRAXBUSD,0.0,400.0,18275.8,0.4772654,0
STRAXUSDT,0.0,400.0,18275.8,0.4772654,0
FORBTC,0.0,400.0,18275.8,0.4772654,0
FORBUSD,0.0,400.0,18275.8,0.4772654,0
UNFIBNB,0.0,0.0,0.0,0.0,2
UNFIBTC,0.0,400.0,18275.8,0.4772654,0
UNFIBUSD,0.0,400.0,18275.8,0.4772654,0
UNFIUSDT,0.0,400.0,18275.8,0.4772654,0
FRONTETH,0.0,0.0,0.0,0.0,2
FRONTBUSD,0.0,400.0,18275.8,0.4772654,0
BCHABUSD,0.0,0.0,0.0,0.0,2
ROSEBTC,0.0,400.0,18275.8,0.4772654,0
ROSEBUSD,0.0,400.0,18275.8,0.4772654,0
ROSEUSDT,0.0,400.0,18275.8,0.4772654,0
AVAXTRY,0.0,400.0,18275.8,0.4772654,0
BUSDBRL,0.0,400.0,18275.8,0.4772654,0
AVAUSDT,0.0,400.0,18275.8,0.4772654,0
SYSBUSD,0.0,400.0,18275.8,0.4772654,0
XEMUSDT,0.0,400.0,18275.8,0.4772654,0
HEGICETH,0.0,0.0,0.0,0.0,2
HEGICBUSD,0.0,0.0,0.0,0.0,2
AAVEUPUSDT,0.0,0.0,0.0,0.0,2
AAVEDOWNUSDT,0.0,0.0,0.0,0.0,2
PROMBNB,0.0,400.0,18275.8,0.4772654,0
PROMBUSD,0.0,400.0,18275.8,0.4772654,0
XRPBRL,0.0,400.0,18275.8,0.4772654,0
XRPNGN,0.0,0.0,0.0,0.0,2
SKLBTC,0.0,400.0,18275.8,0.4772654,0
SKLBUSD,0.0,400.0,18275.8,0.4772654,0
SKLUSDT,0.0,400.0,18275.8,0.4772654,0
BCHEUR,0.0,400.0,18275.8,0.4772654,0
YFIEUR,0.0,400.0,18275.8,0.4772654,0
ZILBIDR,0.0,400.0,18275.8,0.4772654,0
SUSDBTC,0.0,0.0,0.0,0.0,2
SUSDETH,0.0,0.0,0.0,0.0,2
SUSDUSDT,0.0,0.0,0.0,0.0,2
COVERETH,0.0,0.0,0.0,0.0,2
COVERBUSD,0.0,0.0,0.0,0.0,2
GLMBTC,0.0,400.0,18275.8,0.4772654,0
GLMETH,0.0,0.0,0.0,0.0,2
GHSTETH,0.0,0.0,0.0,0.0,2
GHSTBUSD,0.0,400.0,18275.8,0.4772654,0
SUSHIUPUSDT,0.0,0.0,0.0,0.0,2
SUSHIDOWNUSDT,0.0,0.0,0.0,0.0,2
XLMUPUSDT,0.0,0.0,0.0,0.0,2
XLMDOWNUSDT,0.0,0.0,0.0,0.0,2
LINKBRL,0.0,400.0,18275.8,0.4772654,0
LINKNGN,0.0,0.0,0.0,0.0,2
LTCRUB,0.0,400.0,18275.8,0.4772654,0
TRXTRY,0.0,400.0,18275.8,0.4772654,0
XLMEUR,0.0,400.0,18275.8,0.4772654,0
DFETH,0.0,0.0,0.0,0.0,2
DFBUSD,0.0,400.0,18275.8,0.4772654,0
GRTBTC,0.0,400.0,18275.8,0.4772654,0
GRTETH,0.0,400.0,18275.8,0.4772654,0
GRTUSDT,0.0,400.0,18275.8,0.4772654,0
JUVBTC,0.0,400.0,18275.8,0.4772654,0
JUVBUSD,0.0,400.0,18275.8,0.4772654,0
JUVUSDT,0.0,400.0,18275.8,0.4772654,0
PSGBTC,0.0,400.0,18275.8,0.4772654,0
PSGBUSD,0.0,400.0,18275.8,0.4772654,0
PSGUSDT,0.0,400.0,18275.8,0.4772654,0
BUSDBVND,0.0,0.0,0.0,0.0,2
USDTBVND,0.0,0.0,0.0,0.0,2
1INCHBTC,0.0,400.0,18275.8,0.4772654,0
1INCHUSDT,0.0,400.0,18275.8,0.4772654,0
REEFBTC,0.0,0.0,0.0,0.0,2
REEFUSDT,0.0,400.0,18275.8,0.4772654,0
OGBTC,0.0,400.0,18275.8,0.4772654,0
OGUSDT,0.0,400.0,18275.8,0.4772654,0
ATMBTC,0.0,400.0,18275.8,0.4772654,0
ATMUSDT,0.0,400.0,18275.8,0.4772654,0
ASRBTC,0.0,400.0,18275.8,0.4772654,0
ASRUSDT,0.0,400.0,18275.8,0.4772654,0
CELOBTC,0.0,400.0,18275.8,0.4772654,0
CELOUSDT,0.0,400.0,18275.8,0.4772654,0
RIFBTC,0.0,400.0,18275.8,0.4772654,0
RIFUSDT,0.0,400.0,18275.8,0.4772654,0
CHZTRY,0.0,400.0,18275.8,0.4772654,0
XLMTRY,0.0,400.0,18275.8,0.4772654,0
LINKGBP,0.0,400.0,18275.8,0.4772654,0
GRTEUR,0.0,400.0,18275.8,0.4772654,0
BTCSTBTC,0.0,0.0,0.0,0.0,2
BTCSTBUSD,0.0,0.0,0.0,0.0,2
BTCSTUSDT,0.0,0.0,0.0,0.0,2
TRUBTC,0.0,400.0,18275.8,0.4772654,0
TRUBUSD,0.0,0.0,0.0,0.0,2
TRUUSDT,0.0,400.0,18275.8,0.4772654,0
DEXEETH,0.0,400.0,18275.8,0.4772654,0
DEXEBUSD,0.0,400.0,18275.8,0.4772654,0
EOSEUR,0.0,400.0,18275.8,0.4772654,0
LTCBRL,0.0,400.0,18275.8,0.4772654,0
USDCBUSD,0.0,0.0,0.0,0.0,2
TUSDBUSD,0.0,0.0,0.0,0.0,2
PAXBUSD,0.0,0.0,0.0,0.0,2
CKBBTC,0.0,0.0,0.0,0.0,2
CKBBUSD,0.0,400.0,18275.8,0.4772654,0
CKBUSDT,0.0,400.0,18275.8,0.4772654,0
TWTBTC,0.0,400.0,18275.8,0.4772654,0
TWTBUSD,0.0,400.0,18275.8,0.4772654,0
TWTUSDT,0.0,400.0,18275.8,0.4772654,0
FIROBTC,0.0,400.0,18275.8,0.4772654,0
FIROETH,0.0,0.0,0.0,0.0,2
FIROUSDT,0.0,400.0,18275.8,0.4772654,0
BETHETH,0.0,400.0,18275.8,0.4772654,0
DOGEEUR,0.0,400.0,18275.8,0.4772654,0
DOGETRY,0.0,400.0,18275.8,0.4772654,0
DOGEAUD,0.0,400.0,18275.8,0.4772654,0
DOGEBRL,0.0,400.0,18275.8,0.4772654,0
DOTNGN,0.0,0.0,0.0,0.0,2
PROSETH,0.0,400.0,18275.8,0.4772654,0
LITBTC,0.0,400.0,18275.8,0.4772654,0
LITBUSD,0.0,400.0,18275.8,0.4772654,0
LITUSDT,0.0,400.0,18275.8,0.4772654,0
BTCVAI,0.0,0.0,0.0,0.0,2
BUSDVAI,0.0,400.0,18275.8,0.4772654,0
SFPBTC,0.0,400.0,18275.8,0.4772654,0
SFPBUSD,0.0,400.0,18275.8,0.4772654,0
SFPUSDT,0.0,400.0,18275.8,0.4772654,0
DOGEGBP,0.0,400.0,18275.8,0.4772654,0
DOTTRY,0.0,400.0,18275.8,0.4772654,0
FXSBTC,0.0,400.0,18275.8,0.4772654,0
FXSBUSD,0.0,400.0,18275.8,0.4772654,0
DODOBTC,0.0,400.0,18275.8,0.4772654,0
DODOBUSD,0.0,400.0,18275.8,0.4772654,0
DODOUSDT,0.0,400.0,18275.8,0.4772654,0
FRONTBTC,0.0,400.0,18275.8,0.4772654,0
EASYBTC,0.0,0.0,0.0,0.0,2
CAKEBTC,0.0,400.0,18275.8,0.4772654,0
CAKEUSDT,0.0,400.0,18275.8,0.4772654,0
BAKEBUSD,0.0,400.0,18275.8,0.4772654,0
UFTETH,0.0,400.0,18275.8,0.4772654,0
UFTBUSD,0.0,400.0,18275.8,0.4772654,0
1INCHBUSD,0.0,400.0,18275.8,0.4772654,0
BANDBUSD,0.0,400.0,18275.8,0.4772654,0
GRTBUSD,0.0,400.0,18275.8,0.4772654,0
IOSTBUSD,0.0,400.0,18275.8,0.4772654,0
OMGBUSD,0.0,400.0,18275.8,0.4772654,0
REEFBUSD,0.0,400.0,18275.8,0.4772654,0
ACMBTC,0.0,400.0,18275.8,0.4772654,0
ACMBUSD,0.0,400.0,18275.8,0.4772654,0
ACMUSDT,0.0,400.0,18275.8,0.4772654,0
AUCTIONBTC,0.0,400.0,18275.8,0.4772654,0
AUCTIONBUSD,0.0,400.0,18275.8,0.4772654,0
PHABTC,0.0,400.0,18275.8,0.4772654,0
PHABUSD,0.0,400.0,18275.8,0.4772654,0
DOTGBP,0.0,400.0,18275.8,0.4772654,0
ADATRY,0.0,400.0,18275.8,0.4772654,0
ADABRL,0.0,400.0,18275.8,0.4772654,0
ADAGBP,0.0,400.0,18275.8,0.4772654,0
TVKBTC,0.0,400.0,18275.8,0.4772654,0
TVKBUSD,0.0,400.0,18275.8,0.4772654,0
BADGERBTC,0.0,400.0,18275.8,0.4772654,0
BADGERBUSD,0.0,400.0,18275.8,0.4772654,0
BADGERUSDT,0.0,400.0,18275.8,0.4772654,0
FISBTC,0.0,400.0,18275.8,0.4772654,0
FISBUSD,0.0,400.0,18275.8,0.4772654,0
FISUSDT,0.0,400.0,18275.8,0.4772654,0
DOTBRL,0.0,400.0,18275.8,0.4772654,0
ADAAUD,0.0,400.0,18275.8,0.4772654,0
HOTTRY,0.0,400.0,18275.8,0.4772654,0
EGLDEUR,0.0,400.0,18275.8,0.4772654,0
OMBTC,0.0,400.0,18275.8,0.4772654,0
OMBUSD,0.0,400.0,18275.8,0.4772654,0
OMUSDT,0.0,400.0,18275.8,0.4772654,0
PONDBTC,0.0,400.0,18275.8,0.4772654,0
PONDBUSD,0.0,400.0,18275.8,0.4772654,0
PONDUSDT,0.0,400.0,18275.8,0.4772654,0
DEGOBTC,0.0,400.0,18275.8,0.4772654,0
DEGOBUSD,0.0,400.0,18275.8,0.4772654,0
DEGOUSDT,0.0,400.0,18275.8,0.4772654,0
AVAXEUR,0.0,400.0,18275.8,0.4772654,0
BTTTRY,0.0,0.0,0.0,0.0,2
CHZBRL,0.0,400.0,18275.8,0.4772654,0
UNIEUR,0.0,400.0,18275.8,0.4772654,0
ALICEBTC,0.0,400.0,18275.8,0.4772654,0
ALICEBUSD,0.0,400.0,18275.8,0.4772654,0
ALICEUSDT,0.0,400.0,18275.8,0.4772654,0
CHZBUSD,0.0,400.0,18275.8,0.4772654,0
CHZEUR,0.0,400.0,18275.8,0.4772654,0
CHZGBP,0.0,400.0,18275.8,0.4772654,0
BIFIBNB,0.0,0.0,0.0,0.0,2
BIFIBUSD,0.0,400.0,18275.8,0.4772654,0
LINABTC,0.0,400.0,18275.8,0.4772654,0
LINABUSD,0.0,400.0,18275.8,0.4772654,0
LINAUSDT,0.0,400.0,18275.8,0.4772654,0
ADARUB,0.0,400.0,18275.8,0.4772654,0
ENJBRL,0.0,400.0,18275.8,0.4772654,0
ENJEUR,0.0,400.0,18275.8,0.4772654,0
MATICEUR,0.0,400.0,18275.8,0.4772654,0
NEOTRY,0.0,400.0,18275.8,0.4772654,0
PERPBTC,0.0,400.0,18275.8,0.4772654,0
PERPBUSD,0.0,400.0,18275.8,0.4772654,0
PERPUSDT,0.0,400.0,18275.8,0.4772654,0
RAMPBTC,0.0,0.0,0.0,0.0,2
RAMPBUSD,0.0,0.0,0.0,0.0,2
RAMPUSDT,0.0,0.0,0.0,0.0,2
SUPERBTC,0.0,400.0,18275.8,0.4772654,0
SUPERBUSD,0.0,400.0,18275.8,0.4772654,0
SUPERUSDT,0.0,400.0,18275.8,0.4772654,0
CFXBTC,0.0,400.0,18275.8,0.4772654,0
CFXBUSD,0.0,400.0,18275.8,0.4772654,0
CFXUSDT,0.0,400.0,18275.8,0.4772654,0
ENJGBP,0.0,400.0,18275.8,0.4772654,0
EOSTRY,0.0,400.0,18275.8,0.4772654,0
LTCGBP,0.0,400.0,18275.8,0.4772654,0
LUNAEUR,0.0,0.0,0.0,0.0,2
RVNTRY,0.0,400.0,18275.8,0.4772654,0
THETAEUR,0.0,400.0,18275.8,0.4772654,0
XVGBUSD,0.0,400.0,18275.8,0.4772654,0
EPSBTC,0.0,0.0,0.0,0.0,2
EPSBUSD,0.0,0.0,0.0,0.0,2
EPSUSDT,0.0,0.0,0.0,0.0,2
AUTOBTC,0.0,400.0,18275.8,0.4772654,0
AUTOBUSD,0.0,400.0,18275.8,0.4772654,0
AUTOUSDT,0.0,400.0,18275.8,0.4772654,0
TKOBTC,0.0,400.0,18275.8,0.4772654,0
TKOBIDR,0.0,400.0,18275.8,0.4772654,0
TKOBUSD,0.0,400.0,18275.8,0.4772654,0
TKOUSDT,0.0,400.0,18275.8,0.4772654,0
PUNDIXETH,0.0,400.0,18275.8,0.4772654,0
PUNDIXUSDT,0.0,400.0,18275.8,0.4772654,0
BTTBRL,0.0,0.0,0.0,0.0,2
BTTEUR,0.0,0.0,0.0,0.0,2
HOTEUR,0.0,400.0,18275.8,0.4772654,0
WINEUR,0.0,400.0,18275.8,0.4772654,0
TLMBTC,0.0,400.0,18275.8,0.4772654,0
TLMBUSD,0.0,400.0,18275.8,0.4772654,0
TLMUSDT,0.0,400.0,18275.8,0.4772654,0
1INCHUPUSDT,0.0,0.0,0.0,0.0,2
1INCHDOWNUSDT,0.0,0.0,0.0,0.0,2
BTGBUSD,0.0,0.0,0.0,0.0,2
BTGUSDT,0.0,0.0,0.0,0.0,2
HOTBUSD,0.0,400.0,18275.8,0.4772654,0
BNBUAH,0.0,400.0,18275.8,0.4772654,0
ONTTRY,0.0,400.0,18275.8,0.4772654,0
VETEUR,0.0,400.0,18275.8,0.4772654,0
VETGBP,0.0,400.0,18275.8,0.4772654,0
WINBRL,0.0,400.0,18275.8,0.4772654,0
MIRBTC,0.0,0.0,0.0,0.0,2
MIRBUSD,0.0,400.0,18275.8,0.4772654,0
MIRUSDT,0.0,0.0,0.0,0.0,2
BARBTC,0.0,400.0,18275.8,0.4772654,0
BARBUSD,0.0,400.0,18275.8,0.4772654,0
BARUSDT,0.0,400.0,18275.8,0.4772654,0
FORTHBTC,0.0,400.0,18275.8,0.4772654,0
FORTHBUSD,0.0,400.0,18275.8,0.4772654,0
FORTHUSDT,0.0,400.0,18275.8,0.4772654,0
CAKEGBP,0.0,400.0,18275.8,0.4772654,0
DOGERUB,0.0,400.0,18275.8,0.4772654,0
HOTBRL,0.0,0.0,0.0,0.0,2
WRXEUR,0.0,0.0,0.0,0.0,2
EZBTC,0.0,0.0,0.0,0.0,2
EZETH,0.0,0.0,0.0,0.0,2
BAKEUSDT,0.0,400.0,18275.8,0.4772654,0
BURGERBUSD,0.0,400.0,18275.8,0.4772654,0
BURGERUSDT,0.0,400.0,18275.8,0.4772654,0
SLPBUSD,0.0,400.0,18275.8,0.4772654,0
SLPUSDT,0.0,400.0,18275.8,0.4772654,0
TRXAUD,0.0,0.0,0.0,0.0,2
TRXEUR,0.0,400.0,18275.8,0.4772654,0
VETTRY,0.0,400.0,18275.8,0.4772654,0
SHIBUSDT,0.0,400.0,18275.8,0.4772654,0
SHIBBUSD,0.0,400.0,18275.8,0.4772654,0
ICPBTC,0.0,400.0,18275.8,0.4772654,0
ICPBNB,0.0,400.0,18275.8,0.4772654,0
ICPBUSD,0.0,400.0,18275.8,0.4772654,0
ICPUSDT,0.0,400.0,18275.8,0.4772654,0
SHIBEUR,0.0,400.0,18275.8,0.4772654,0
SHIBRUB,0.0,0.0,0.0,0.0,2
ETCEUR,0.0,400.0,18275.8,0.4772654,0
ETCBRL,0.0,0.0,0.0,0.0,2
DOGEBIDR,0.0,400.0,18275.8,0.4772654,0
ARBTC,0.0,400.0,18275.8,0.4772654,0
ARBNB,0.0,400.0,18275.8,0.4772654,0
ARBUSD,0.0,400.0,18275.8,0.4772654,0
ARUSDT,0.0,400.0,18275.8,0.4772654,0
POLSBTC,0.0,400.0,18275.8,0.4772654,0
POLSBNB,0.0,400.0,18275.8,0.4772654,0
POLSBUSD,0.0,400.0,18275.8,0.4772654,0
POLSUSDT,0.0,400.0,18275.8,0.4772654,0
MDXBTC,0.0,400.0,18275.8,0.4772654,0
MDXBNB,0.0,0.0,0.0,0.0,2
MDXBUSD,0.0,400.0,18275.8,0.4772654,0
MDXUSDT,0.0,400.0,18275.8,0.4772654,0
MASKBNB,0.0,400.0,18275.8,0.4772654,0
MASKBUSD,0.0,400.0,18275.8,0.4772654,0
MASKUSDT,0.0,400.0,18275.8,0.4772654,0
LPTBTC,0.0,400.0,18275.8,0.4772654,0
LPTBNB,0.0,400.0,18275.8,0.4772654,0
LPTBUSD,0.0,400.0,18275.8,0.4772654,0
LPTUSDT,0.0,400.0,18275.8,0.4772654,0
ETHUAH,0.0,400.0,18275.8,0.4772654,0
MATICBRL,0.0,400.0,18275.8,0.4772654,0
SOLEUR,0.0,400.0,18275.8,0.4772654,0
SHIBBRL,0.0,400.0,18275.8,0.4772654,0
AGIXBTC,0.0,400.0,18275.8,0.4772654,0
ICPEUR,0.0,400.0,18275.8,0.4772654,0
MATICGBP,0.0,400.0,18275.8,0.4772654,0
SHIBTRY,0.0,400.0,18275.8,0.4772654,0
MATICBIDR,0.0,400.0,18275.8,0.4772654,0
MATICRUB,0.0,400.0,18275.8,0.4772654,0
NUBTC,0.0,0.0,0.0,0.0,2
NUBNB,0.0,0.0,0.0,0.0,2
NUBUSD,0.0,0.0,0.0,0.0,2
NUUSDT,0.0,0.0,0.0,0.0,2
XVGUSDT,0.0,400.0,18275.8,0.4772654,0
RLCBUSD,0.0,0.0,0.0,0.0,2
CELRBUSD,0.0,400.0,18275.8,0.4772654,0
ATMBUSD,0.0,400.0,18275.8,0.4772654,0
ZENBUSD,0.0,400.0,18275.8,0.4772654,0
FTMBUSD,0.0,400.0,18275.8,0.4772654,0
THETABUSD,0.0,400.0,18275.8,0.4772654,0
WINBUSD,0.0,400.0,18275.8,0.4772654,0
KAVABUSD,0.0,400.0,18275.8,0.4772654,0
XEMBUSD,0.0,0.0,0.0,0.0,2
ATABTC,0.0,400.0,18275.8,0.4772654,0
ATABNB,0.0,0.0,0.0,0.0,2
ATABUSD,0.0,400.0,18275.8,0.4772654,0
ATAUSDT,0.0,400.0,18275.8,0.4772654,0
GTCBTC,0.0,400.0,18275.8,0.4772654,0
GTCBNB,0.0,0.0,0.0,0.0,2
GTCBUSD,0.0,400.0,18275.8,0.4772654,0
GTCUSDT,0.0,400.0,18275.8,0.4772654,0
TORNBTC,0.0,0.0,0.0,0.0,2
TORNBNB,0.0,0.0,0.0,0.0,2
TORNBUSD,0.0,400.0,18275.8,0.4772654,0
TORNUSDT,0.0,0.0,0.0,0.0,2
MATICTRY,0.0,400.0,18275.8,0.4772654,0
ETCGBP,0.0,0.0,0.0,0.0,2
SOLGBP,0.0,400.0,18275.8,0.4772654,0
BAKEBTC,0.0,400.0,18275.8,0.4772654,0
COTIBUSD,0.0,400.0,18275.8,0.4772654,0
KEEPBTC,0.0,0.0,0.0,0.0,2
KEEPBNB,0.0,0.0,0.0,0.0,2
KEEPBUSD,0.0,0.0,0.0,0.0,2
KEEPUSDT,0.0,0.0,0.0,0.0,2
SOLTRY,0.0,400.0,18275.8,0.4772654,0
RUNEGBP,0.0,400.0,18275.8,0.4772654,0
SOLBRL,0.0,400.0,18275.8,0.4772654,0
SCBUSD,0.0,400.0,18275.8,0.4772654,0
CHRBUSD,0.0,400.0,18275.8,0.4772654,0
STMXBUSD,0.0,400.0,18275.8,0.4772654,0
HNTBUSD,0.0,400.0,18275.8,0.4772654,0
FTTBUSD,0.0,400.0,18275.8,0.4772654,0
DOCKBUSD,0.0,400.0,18275.8,0.4772654,0
ADABIDR,0.0,400.0,18275.8,0.4772654,0
ERNBNB,0.0,400.0,18275.8,0.4772654,0
ERNBUSD,0.0,400.0,18275.8,0.4772654,0
ERNUSDT,0.0,400.0,18275.8,0.4772654,0
KLAYBTC,0.0,400.0,18275.8,0.4772654,0
KLAYBNB,0.0,400.0,18275.8,0.4772654,0
KLAYBUSD,0.0,400.0,18275.8,0.4772654,0
KLAYUSDT,0.0,400.0,18275.8,0.4772654,0
RUNEEUR,0.0,400.0,18275.8,0.4772654,0
MATICAUD,0.0,400.0,18275.8,0.4772654,0
DOTRUB,0.0,400.0,18275.8,0.4772654,0
UTKBUSD,0.0,400.0,18275.8,0.4772654,0
IOTXBUSD,0.0,400.0,18275.8,0.4772654,0
PHAUSDT,0.0,400.0,18275.8,0.4772654,0
SOLRUB,0.0,400.0,18275.8,0.4772654,0
RUNEAUD,0.0,0.0,0.0,0.0,2
BUSDUAH,0.0,400.0,18275.8,0.4772654,0
BONDBTC,0.0,400.0,18275.8,0.4772654,0
BONDBNB,0.0,0.0,0.0,0.0,2
BONDBUSD,0.0,400.0,18275.8,0.4772654,0
BONDUSDT,0.0,400.0,18275.8,0.4772654,0
MLNBTC,0.0,400.0,18275.8,0.4772654,0
MLNBNB,0.0,0.0,0.0,0.0,2
MLNBUSD,0.0,400.0,18275.8,0.4772654,0
MLNUSDT,0.0,400.0,18275.8,0.4772654,0
GRTTRY,0.0,400.0,18275.8,0.4772654,0
CAKEBRL,0.0,0.0,0.0,0.0,2
ICPRUB,0.0,0.0,0.0,0.0,2
DOTAUD,0.0,400.0,18275.8,0.4772654,0
AAVEBRL,0.0,0.0,0.0,0.0,2
EOSAUD,0.0,0.0,0.0,0.0,2
DEXEUSDT,0.0,400.0,18275.8,0.4772654,0
LTOBUSD,0.0,400.0,18275.8,0.4772654,0
ADXBUSD,0.0,400.0,18275.8,0.4772654,0
QUICKBTC,0.0,400.0,18275.8,0.4772654,0
QUICKBNB,0.0,0.0,0.0,0.0,2
QUICKBUSD,0.0,400.0,18275.8,0.4772654,0
C98USDT,0.0,400.0,18275.8,0.4772654,0
C98BUSD,0.0,400.0,18275.8,0.4772654,0
C98BNB,0.0,400.0,18275.8,0.4772654,0
C98BTC,0.0,400.0,18275.8,0.4772654,0
CLVBTC,0.0,400.0,18275.8,0.4772654,0
CLVBNB,0.0,400.0,18275.8,0.4772654,0
CLVBUSD,0.0,400.0,18275.8,0.4772654,0
CLVUSDT,0.0,400.0,18275.8,0.4772654,0
QNTBTC,0.0,400.0,18275.8,0.4772654,0
QNTBNB,0.0,400.0,18275.8,0.4772654,0
QNTBUSD,0.0,400.0,18275.8,0.4772654,0
QNTUSDT,0.0,400.0,18275.8,0.4772654,0
FLOWBTC,0.0,400.0,18275.8,0.4772654,0
FLOWBNB,0.0,400.0,18275.8,0.4772654,0
FLOWBUSD,0.0,400.0,18275.8,0.4772654,0
FLOWUSDT,0.0,400.0,18275.8,0.4772654,0
XECBUSD,0.0,400.0,18275.8,0.4772654,0
AXSBRL,0.0,400.0,18275.8,0.4772654,0
AXSAUD,0.0,400.0,18275.8,0.4772654,0
TVKUSDT,0.0,400.0,18275.8,0.4772654,0
MINABTC,0.0,400.0,18275.8,0.4772654,0
MINABNB,0.0,400.0,18275.8,0.4772654,0
MINABUSD,0.0,400.0,18275.8,0.4772654,0
MINAUSDT,0.0,400.0,18275.8,0.4772654,0
RAYBNB,0.0,400.0,18275.8,0.4772654,0
RAYBUSD,0.0,400.0,18275.8,0.4772654,0
RAYUSDT,0.0,400.0,18275.8,0.4772654,0
FARMBTC,0.0,400.0,18275.8,0.4772654,0
FARMBNB,0.0,0.0,0.0,0.0,2
FARMBUSD,0.0,400.0,18275.8,0.4772654,0
FARMUSDT,0.0,400.0,18275.8,0.4772654,0
ALPACABTC,0.0,400.0,18275.8,0.4772654,0
ALPACABNB,0.0,0.0,0.0,0.0,2
ALPACABUSD,0.0,400.0,18275.8,0.4772654,0
ALPACAUSDT,0.0,400.0,18275.8,0.4772654,0
TLMTRY,0.0,400.0,18275.8,0.4772654,0
QUICKUSDT,0.0,400.0,18275.8,0.4772654,0
ORNBUSD,0.0,400.0,18275.8,0.4772654,0
MBOXBTC,0.0,400.0,18275.8,0.4772654,0
MBOXBNB,0.0,400.0,18275.8,0.4772654,0
MBOXBUSD,0.0,400.0,18275.8,0.4772654,0
MBOXUSDT,0.0,400.0,18275.8,0.4772654,0
VGXBTC,0.0,0.0,0.0,0.0,2
VGXETH,0.0,0.0,0.0,0.0,2
FORUSDT,0.0,400.0,18275.8,0.4772654,0
REQUSDT,0.0,400.0,18275.8,0.4772654,0
GHSTUSDT,0.0,400.0,18275.8,0.4772654,0
TRURUB,0.0,400.0,18275.8,0.4772654,0
FISBRL,0.0,400.0,18275.8,0.4772654,0
WAXPUSDT,0.0,400.0,18275.8,0.4772654,0
WAXPBUSD,0.0,400.0,18275.8,0.4772654,0
WAXPBNB,0.0,400.0,18275.8,0.4772654,0
WAXPBTC,0.0,400.0,18275.8,0.4772654,0
TRIBEBTC,0.0,0.0,0.0,0.0,2
TRIBEBNB,0.0,0.0,0.0,0.0,2
TRIBEBUSD,0.0,0.0,0.0,0.0,2
TRIBEUSDT,0.0,0.0,0.0,0.0,2
GNOUSDT,0.0,400.0,18275.8,0.4772654,0
GNOBUSD,0.0,0.0,0.0,0.0,2
GNOBNB,0.0,0.0,0.0,0.0,2
GNOBTC,0.0,0.0,0.0,0.0,2
ARPATRY,0.0,400.0,18275.8,0.4772654,0
PROMBTC,0.0,400.0,18275.8,0.4772654,0
MTLBUSD,0.0,400.0,18275.8,0.4772654,0
OGNBUSD,0.0,400.0,18275.8,0.4772654,0
XECUSDT,0.0,400.0,18275.8,0.4772654,0
C98BRL,0.0,400.0,18275.8,0.4772654,0
SOLAUD,0.0,400.0,18275.8,0.4772654,0
XRPBIDR,0.0,400.0,18275.8,0.4772654,0
POLYBUSD,0.0,0.0,0.0,0.0,2
ELFUSDT,0.0,400.0,18275.8,0.4772654,0
DYDXUSDT,0.0,400.0,18275.8,0.4772654,0
DYDXBUSD,0.0,400.0,18275.8,0.4772654,0
DYDXBNB,0.0,400.0,18275.8,0.4772654,0
DYDXBTC,0.0,400.0,18275.8,0.4772654,0
ELFBUSD,0.0,400.0,18275.8,0.4772654,0
POLYUSDT,0.0,0.0,0.0,0.0,2
IDEXUSDT,0.0,400.0,18275.8,0.4772654,0
VIDTUSDT,0.0,400.0,18275.8,0.4772654,0
SOLBIDR,0.0,400.0,18275.8,0.4772654,0
BTCUSDP,0.0,0.0,0.0,0.0,2
ETHUSDP,0.0,0.0,0.0,0.0,2
BNBUSDP,0.0,0.0,0.0,0.0,2
USDPBUSD,0.0,0.0,0.0,0.0,2
USDPUSDT,0.0,0.0,0.0,0.0,2
GALAUSDT,0.0,400.0,18275.8,0.4772654,0
GALABUSD,0.0,400.0,18275.8,0.4772654,0
GALABNB,0.0,400.0,18275.8,0.4772654,0
GALABTC,0.0,400.0,18275.8,0.4772654,0
FTMBIDR,0.0,400.0,18275.8,0.4772654,0
ALGOBIDR,0.0,0.0,0.0,0.0,2
CAKEAUD,0.0,0.0,0.0,0.0,2
KSMAUD,0.0,0.0,0.0,0.0,2
WAVESRUB,0.0,0.0,0.0,0.0,2
SUNBUSD,0.0,400.0,18275.8,0.4772654,0
ILVUSDT,0.0,400.0,18275.8,0.4772654,0
ILVBUSD,0.0,400.0,18275.8,0.4772654,0
ILVBNB,0.0,400.0,18275.8,0.4772654,0
ILVBTC,0.0,400.0,18275.8,0.4772654,0
RENBUSD,0.0,400.0,18275.8,0.4772654,0
YGGUSDT,0.0,400.0,18275.8,0.4772654,0
YGGBUSD,0.0,400.0,18275.8,0.4772654,0
YGGBNB,0.0,400.0,18275.8,0.4772654,0
YGGBTC,0.0,400.0,18275.8,0.4772654,0
STXBUSD,0.0,400.0,18275.8,0.4772654,0
SYSUSDT,0.0,400.0,18275.8,0.4772654,0
DFUSDT,0.0,400.0,18275.8,0.4772654,0
SOLUSDC,0.0,0.0,0.0,0.0,2
ARPARUB,0.0,400.0,18275.8,0.4772654,0
LTCUAH,0.0,400.0,18275.8,0.4772654,0
FETBUSD,0.0,400.0,18275.8,0.4772654,0
ARPABUSD,0.0,400.0,18275.8,0.4772654,0
LSKBUSD,0.0,400.0,18275.8,0.4772654,0
AVAXBIDR,0.0,0.0,0.0,0.0,2
ALICEBIDR,0.0,0.0,0.0,0.0,2
FIDAUSDT,0.0,400.0,18275.8,0.4772654,0
FIDABUSD,0.0,400.0,18275.8,0.4772654,0
FIDABNB,0.0,0.0,0.0,0.0,2
FIDABTC,0.0,400.0,18275.8,0.4772654,0
DENTBUSD,0.0,400.0,18275.8,0.4772654,0
FRONTUSDT,0.0,400.0,18275.8,0.4772654,0
CVPUSDT,0.0,400.0,18275.8,0.4772654,0
AGLDBTC,0.0,400.0,18275.8,0.4772654,0
AGLDBNB,0.0,0.0,0.0,0.0,2
AGLDBUSD,0.0,400.0,18275.8,0.4772654,0
AGLDUSDT,0.0,400.0,18275.8,0.4772654,0
RADBTC,0.0,400.0,18275.8,0.4772654,0
RADBNB,0.0,400.0,18275.8,0.4772654,0
RADBUSD,0.0,400.0,18275.8,0.4772654,0
RADUSDT,0.0,400.0,18275.8,0.4772654,0
UNIAUD,0.0,0.0,0.0,0.0,2
HIVEBUSD,0.0,400.0,18275.8,0.4772654,0
STPTBUSD,0.0,400.0,18275.8,0.4772654,0
BETABTC,0.0,400.0,18275.8,0.4772654,0
BETABNB,0.0,400.0,18275.8,0.4772654,0
BETABUSD,0.0,400.0,18275.8,0.4772654,0
BETAUSDT,0.0,400.0,18275.8,0.4772654,0
SHIBAUD,0.0,400.0,18275.8,0.4772654,0
RAREBTC,0.0,400.0,18275.8,0.4772654,0
RAREBNB,0.0,0.0,0.0,0.0,2
RAREBUSD,0.0,400.0,18275.8,0.4772654,0
RAREUSDT,0.0,400.0,18275.8,0.4772654,0
AVAXBRL,0.0,400.0,18275.8,0.4772654,0
AVAXAUD,0.0,400.0,18275.8,0.4772654,0
LUNAAUD,0.0,0.0,0.0,0.0,2
TROYBUSD,0.0,400.0,18275.8,0.4772654,0
AXSETH,0.0,400.0,18275.8,0.4772654,0
FTMETH,0.0,400.0,18275.8,0.4772654,0
SOLETH,0.0,400.0,18275.8,0.4772654,0
SSVBTC,0.0,400.0,18275.8,0.4772654,0
SSVETH,0.0,400.0,18275.8,0.4772654,0
LAZIOTRY,0.0,400.0,18275.8,0.4772654,0
LAZIOEUR,0.0,400.0,18275.8,0.4772654,0
LAZIOBTC,0.0,400.0,18275.8,0.4772654,0
LAZIOUSDT,0.0,400.0,18275.8,0.4772654,0
CHESSBTC,0.0,400.0,18275.8,0.4772654,0
CHESSBNB,0.0,0.0,0.0,0.0,2
CHESSBUSD,0.0,400.0,18275.8,0.4772654,0
CHESSUSDT,0.0,400.0,18275.8,0.4772654,0
FTMAUD,0.0,400.0,18275.8,0.4772654,0
FTMBRL,0.0,400.0,18275.8,0.4772654,0
SCRTBUSD,0.0,400.0,18275.8,0.4772654,0
ADXUSDT,0.0,400.0,18275.8,0.4772654,0
AUCTIONUSDT,0.0,400.0,18275.8,0.4772654,0
CELOBUSD,0.0,400.0,18275.8,0.4772654,0
FTMRUB,0.0,400.0,18275.8,0.4772654,0
NUAUD,0.0,0.0,0.0,0.0,2
NURUB,0.0,0.0,0.0,0.0,2
REEFTRY,0.0,400.0,18275.8,0.4772654,0
REEFBIDR,0.0,0.0,0.0,0.0,2
SHIBDOGE,0.0,400.0,18275.8,0.4772654,0
DARUSDT,0.0,400.0,18275.8,0.4772654,0
DARBUSD,0.0,400.0,18275.8,0.4772654,0
DARBNB,0.0,400.0,18275.8,0.4772654,0
DARBTC,0.0,400.0,18275.8,0.4772654,0
BNXBTC,0.0,400.0,18275.8,0.4772654,0
BNXBNB,0.0,400.0,18275.8,0.4772654,0
BNXBUSD,0.0,400.0,18275.8,0.4772654,0
BNXUSDT,0.0,400.0,18275.8,0.4772654,0
RGTUSDT,0.0,0.0,0.0,0.0,2
RGTBTC,0.0,0.0,0.0,0.0,2
RGTBUSD,0.0,0.0,0.0,0.0,2
RGTBNB,0.0,0.0,0.0,0.0,2
LAZIOBUSD,0.0,400.0,18275.8,0.4772654,0
OXTBUSD,0.0,400.0,18275.8,0.4772654,0
MANATRY,0.0,400.0,18275.8,0.4772654,0
ALGORUB,0.0,400.0,18275.8,0.4772654,0
SHIBUAH,0.0,0.0,0.0,0.0,2
LUNABIDR,0.0,0.0,0.0,0.0,2
AUDUSDC,0.0,0.0,0.0,0.0,2
MOVRBTC,0.0,400.0,18275.8,0.4772654,0
MOVRBNB,0.0,0.0,0.0,0.0,2
MOVRBUSD,0.0,400.0,18275.8,0.4772654,0
MOVRUSDT,0.0,400.0,18275.8,0.4772654,0
CITYBTC,0.0,400.0,18275.8,0.4772654,0
CITYBNB,0.0,400.0,18275.8,0.4772654,0
CITYBUSD,0.0,400.0,18275.8,0.4772654,0
CITYUSDT,0.0,400.0,18275.8,0.4772654,0
ENSBTC,0.0,400.0,18275.8,0.4772654,0
ENSBNB,0.0,400.0,18275.8,0.4772654,0
ENSBUSD,0.0,400.0,18275.8,0.4772654,0
ENSUSDT,0.0,400.0,18275.8,0.4772654,0
SANDETH,0.0,400.0,18275.8,0.4772654,0
DOTETH,0.0,400.0,18275.8,0.4772654,0
MATICETH,0.0,400.0,18275.8,0.4772654,0
ANKRBUSD,0.0,400.0,18275.8,0.4772654,0
SANDTRY,0.0,400.0,18275.8,0.4772654,0
MANABRL,0.0,400.0,18275.8,0.4772654,0
KP3RUSDT,0.0,400.0,18275.8,0.4772654,0
QIUSDT,0.0,400.0,18275.8,0.4772654,0
QIBUSD,0.0,400.0,18275.8,0.4772654,0
QIBNB,0.0,0.0,0.0,0.0,2
QIBTC,0.0,400.0,18275.8,0.4772654,0
PORTOBTC,0.0,400.0,18275.8,0.4772654,0
PORTOUSDT,0.0,400.0,18275.8,0.4772654,0
PORTOTRY,0.0,400.0,18275.8,0.4772654,0
PORTOEUR,0.0,400.0,18275.8,0.4772654,0
POWRUSDT,0.0,400.0,18275.8,0.4772654,0
POWRBUSD,0.0,400.0,18275.8,0.4772654,0
AVAXETH,0.0,400.0,18275.8,0.4772654,0
SLPTRY,0.0,400.0,18275.8,0.4772654,0
FISTRY,0.0,0.0,0.0,0.0,2
LRCTRY,0.0,400.0,18275.8,0.4772654,0
CHRETH,0.0,400.0,18275.8,0.4772654,0
FISBIDR,0.0,0.0,0.0,0.0,2
VGXUSDT,0.0,400.0,18275.8,0.4772654,0
GALAETH,0.0,400.0,18275.8,0.4772654,0
JASMYUSDT,0.0,400.0,18275.8,0.4772654,0
JASMYBUSD,0.0,400.0,18275.8,0.4772654,0
JASMYBNB,0.0,400.0,18275.8,0.4772654,0
JASMYBTC,0.0,400.0,18275.8,0.4772654,0
AMPBTC,0.0,400.0,18275.8,0.4772654,0
AMPBNB,0.0,0.0,0.0,0.0,2
AMPBUSD,0.0,400.0,18275.8,0.4772654,0
AMPUSDT,0.0,400.0,18275.8,0.4772654,0
PLABTC,0.0,400.0,18275.8,0.4772654,0
PLABNB,0.0,400.0,18275.8,0.4772654,0
PLABUSD,0.0,400.0,18275.8,0.4772654,0
PLAUSDT,0.0,400.0,18275.8,0.4772654,0
PYRBTC,0.0,400.0,18275.8,0.4772654,0
PYRBUSD,0.0,400.0,18275.8,0.4772654,0
PYRUSDT,0.0,400.0,18275.8,0.4772654,0
RNDRBTC,0.0,400.0,18275.8,0.4772654,0
RNDRUSDT,0.0,400.0,18275.8,0.4772654,0
RNDRBUSD,0.0,400.0,18275.8,0.4772654,0
ALCXBTC,0.0,400.0,18275.8,0.4772654,0
ALCXBUSD,0.0,400.0,18275.8,0.4772654,0
ALCXUSDT,0.0,400.0,18275.8,0.4772654,0
SANTOSBTC,0.0,400.0,18275.8,0.4772654,0
SANTOSUSDT,0.0,400.0,18275.8,0.4772654,0
SANTOSBRL,0.0,400.0,18275.8,0.4772654,0
SANTOSTRY,0.0,400.0,18275.8,0.4772654,0
MCBTC,0.0,400.0,18275.8,0.4772654,0
MCBUSD,0.0,400.0,18275.8,0.4772654,0
MCUSDT,0.0,400.0,18275.8,0.4772654,0
BELTRY,0.0,400.0,18275.8,0.4772654,0
COCOSBUSD,0.0,400.0,18275.8,0.4772654,0
DENTTRY,0.0,400.0,18275.8,0.4772654,0
ENJTRY,0.0,400.0,18275.8,0.4772654,0
NEORUB,0.0,400.0,18275.8,0.4772654,0
SANDAUD,0.0,400.0,18275.8,0.4772654,0
SLPBIDR,0.0,400.0,18275.8,0.4772654,0
ANYBTC,0.0,0.0,0.0,0.0,2
ANYBUSD,0.0,0.0,0.0,0.0,2
ANYUSDT,0.0,0.0,0.0,0.0,2
BICOBTC,0.0,400.0,18275.8,0.4772654,0
BICOBUSD,0.0,400.0,18275.8,0.4772654,0
BICOUSDT,0.0,400.0,18275.8,0.4772654,0
FLUXBTC,0.0,400.0,18275.8,0.4772654,0
FLUXBUSD,0.0,400.0,18275.8,0.4772654,0
FLUXUSDT,0.0,400.0,18275.8,0.4772654,0
ALICETRY,0.0,400.0,18275.8,0.4772654,0
FXSUSDT,0.0,400.0,18275.8,0.4772654,0
GALABRL,0.0,400.0,18275.8,0.4772654,0
GALATRY,0.0,400.0,18275.8,0.4772654,0
LUNATRY,0.0,400.0,18275.8,0.4772654,0
REQBUSD,0.0,400.0,18275.8,0.4772654,0
SANDBRL,0.0,400.0,18275.8,0.4772654,0
MANABIDR,0.0,0.0,0.0,0.0,2
SANDBIDR,0.0,400.0,18275.8,0.4772654,0
VOXELBTC,0.0,400.0,18275.8,0.4772654,0
VOXELBNB,0.0,400.0,18275.8,0.4772654,0
VOXELBUSD,0.0,400.0,18275.8,0.4772654,0
VOXELUSDT,0.0,400.0,18275.8,0.4772654,0
COSBUSD,0.0,400.0,18275.8,0.4772654,0
CTXCBUSD,0.0,400.0,18275.8,0.4772654,0
FTMTRY,0.0,400.0,18275.8,0.4772654,0
MANABNB,0.0,0.0,0.0,0.0,2
MINATRY,0.0,400.0,18275.8,0.4772654,0
XTZTRY,0.0,400.0,18275.8,0.4772654,0
HIGHBTC,0.0,400.0,18275.8,0.4772654,0
HIGHBUSD,0.0,400.0,18275.8,0.4772654,0
HIGHUSDT,0.0,400.0,18275.8,0.4772654,0
CVXBTC,0.0,400.0,18275.8,0.4772654,0
CVXBUSD,0.0,400.0,18275.8,0.4772654,0
CVXUSDT,0.0,400.0,18275.8,0.4772654,0
PEOPLEBTC,0.0,400.0,18275.8,0.4772654,0
PEOPLEBUSD,0.0,400.0,18275.8,0.4772654,0
PEOPLEUSDT,0.0,400.0,18275.8,0.4772654,0
OOKIBUSD,0.0,400.0,18275.8,0.4772654,0
OOKIUSDT,0.0,400.0,18275.8,0.4772654,0
COCOSTRY,0.0,400.0,18275.8,0.4772654,0
GXSBNB,0.0,0.0,0.0,0.0,2
LINKBNB,0.0,400.0,18275.8,0.4772654,0
LUNAETH,0.0,0.0,0.0,0.0,2
MDTBUSD,0.0,400.0,18275.8,0.4772654,0
NULSBUSD,0.0,400.0,18275.8,0.4772654,0
SPELLBTC,0.0,0.0,0.0,0.0,2
SPELLUSDT,0.0,400.0,18275.8,0.4772654,0
SPELLBUSD,0.0,400.0,18275.8,0.4772654,0
USTBTC,0.0,0.0,0.0,0.0,2
USTBUSD,0.0,0.0,0.0,0.0,2
USTUSDT,0.0,0.0,0.0,0.0,2
JOEBTC,0.0,400.0,18275.8,0.4772654,0
JOEBUSD,0.0,400.0,18275.8,0.4772654,0
JOEUSDT,0.0,400.0,18275.8,0.4772654,0
ATOMETH,0.0,400.0,18275.8,0.4772654,0
DUSKBUSD,0.0,400.0,18275.8,0.4772654,0
EGLDETH,0.0,400.0,18275.8,0.4772654,0
ICPETH,0.0,400.0,18275.8,0.4772654,0
LUNABRL,0.0,0.0,0.0,0.0,2
LUNAUST,0.0,0.0,0.0,0.0,2
NEARETH,0.0,400.0,18275.8,0.4772654,0
ROSEBNB,0.0,0.0,0.0,0.0,2
VOXELETH,0.0,0.0,0.0,0.0,2
ALICEBNB,0.0,400.0,18275.8,0.4772654,0
ATOMTRY,0.0,400.0,18275.8,0.4772654,0
ETHUST,0.0,0.0,0.0,0.0,2
GALAAUD,0.0,400.0,18275.8,0.4772654,0
LRCBNB,0.0,400.0,18275.8,0.4772654,0
ONEETH,0.0,400.0,18275.8,0.4772654,0
OOKIBNB,0.0,0.0,0.0,0.0,2
ACHBTC,0.0,400.0,18275.8,0.4772654,0
ACHBUSD,0.0,400.0,18275.8,0.4772654,0
ACHUSDT,0.0,400.0,18275.8,0.4772654,0
IMXBTC,0.0,400.0,18275.8,0.4772654,0
IMXBUSD,0.0,400.0,18275.8,0.4772654,0
IMXUSDT,0.0,400.0,18275.8,0.4772654,0
GLMRBTC,0.0,400.0,18275.8,0.4772654,0
GLMRBUSD,0.0,400.0,18275.8,0.4772654,0
GLMRUSDT,0.0,400.0,18275.8,0.4772654,0
ATOMBIDR,0.0,0.0,0.0,0.0,2
DYDXETH,0.0,0.0,0.0,0.0,2
FARMETH,0.0,0.0,0.0,0.0,2
FORBNB,0.0,0.0,0.0,0.0,2
ICPTRY,0.0,400.0,18275.8,0.4772654,0
JASMYETH,0.0,400.0,18275.8,0.4772654,0
LINABNB,0.0,0.0,0.0,0.0,2
OOKIETH,0.0,400.0,18275.8,0.4772654,0
ROSEETH,0.0,400.0,18275.8,0.4772654,0
UMABUSD,0.0,400.0,18275.8,0.4772654,0
UNIETH,0.0,400.0,18275.8,0.4772654,0
XTZETH,0.0,400.0,18275.8,0.4772654,0
LOKABTC,0.0,400.0,18275.8,0.4772654,0
LOKABNB,0.0,400.0,18275.8,0.4772654,0
LOKABUSD,0.0,400.0,18275.8,0.4772654,0
LOKAUSDT,0.0,400.0,18275.8,0.4772654,0
ATOMBRL,0.0,400.0,18275.8,0.4772654,0
BNBUST,0.0,0.0,0.0,0.0,2
CRVETH,0.0,400.0,18275.8,0.4772654,0
HIGHBNB,0.0,400.0,18275.8,0.4772654,0
NEARRUB,0.0,400.0,18275.8,0.4772654,0
ROSETRY,0.0,400.0,18275.8,0.4772654,0
SCRTUSDT,0.0,400.0,18275.8,0.4772654,0
API3BTC,0.0,400.0,18275.8,0.4772654,0
API3BUSD,0.0,400.0,18275.8,0.4772654,0
API3USDT,0.0,400.0,18275.8,0.4772654,0
BTTCUSDT,0.0,400.0,18275.8,0.4772654,0
BTTCUSDC,0.0,0.0,0.0,0.0,2
BTTCTRY,0.0,400.0,18275.8,0.4772654,0
ACABTC,0.0,400.0,18275.8,0.4772654,0
ACABUSD,0.0,400.0,18275.8,0.4772654,0
ACAUSDT,0.0,400.0,18275.8,0.4772654,0
ANCBTC,0.0,0.0,0.0,0.0,2
ANCBUSD,0.0,400.0,18275.8,0.4772654,0
ANCUSDT,0.0,0.0,0.0,0.0,2
BDOTDOT,0.0,400.0,18275.8,0.4772654,0
XNOBTC,0.0,400.0,18275.8,0.4772654,0
XNOETH,0.0,400.0,18275.8,0.4772654,0
XNOBUSD,0.0,400.0,18275.8,0.4772654,0
XNOUSDT,0.0,400.0,18275.8,0.4772654,0
COSTRY,0.0,400.0,18275.8,0.4772654,0
KAVAETH,0.0,400.0,18275.8,0.4772654,0
MCBNB,0.0,400.0,18275.8,0.4772654,0
ONETRY,0.0,400.0,18275.8,0.4772654,0
WOOBTC,0.0,400.0,18275.8,0.4772654,0
WOOBNB,0.0,400.0,18275.8,0.4772654,0
WOOBUSD,0.0,400.0,18275.8,0.4772654,0
WOOUSDT,0.0,400.0,18275.8,0.4772654,0
CELRETH,0.0,400.0,18275.8,0.4772654,0
PEOPLEBNB,0.0,400.0,18275.8,0.4772654,0
SLPBNB,0.0,0.0,0.0,0.0,2
SPELLBNB,0.0,0.0,0.0,0.0,2
SPELLTRY,0.0,400.0,18275.8,0.4772654,0
TFUELBUSD,0.0,400.0,18275.8,0.4772654,0
AXSTRY,0.0,400.0,18275.8,0.4772654,0
DARTRY,0.0,400.0,18275.8,0.4772654,0
NEARTRY,0.0,400.0,18275.8,0.4772654,0
IDEXBNB,0.0,400.0,18275.8,0.4772654,0
ALPINEEUR,0.0,400.0,18275.8,0.4772654,0
ALPINETRY,0.0,400.0,18275.8,0.4772654,0
ALPINEUSDT,0.0,400.0,18275.8,0.4772654,0
ALPINEBTC,0.0,400.0,18275.8,0.4772654,0
TUSDT,0.0,400.0,18275.8,0.4772654,0
TBUSD,0.0,400.0,18275.8,0.4772654,0
API3BNB,0.0,0.0,0.0,0.0,2
BETAETH,0.0,400.0,18275.8,0.4772654,0
INJTRY,0.0,400.0,18275.8,0.4772654,0
TLMBNB,0.0,0.0,0.0,0.0,2
ASTRBUSD,0.0,400.0,18275.8,0.4772654,0
ASTRUSDT,0.0,400.0,18275.8,0.4772654,0
API3TRY,0.0,400.0,18275.8,0.4772654,0
GLMRBNB,0.0,400.0,18275.8,0.4772654,0
MBOXTRY,0.0,400.0,18275.8,0.4772654,0
GMTBTC,0.0,400.0,18275.8,0.4772654,0
GMTBNB,0.0,400.0,18275.8,0.4772654,0
GMTBUSD,0.0,400.0,18275.8,0.4772654,0
GMTUSDT,0.0,400.0,18275.8,0.4772654,0
ANCBNB,0.0,0.0,0.0,0.0,2
ATOMEUR,0.0,400.0,18275.8,0.4772654,0
GALAEUR,0.0,400.0,18275.8,0.4772654,0
KSMETH,0.0,0.0,0.0,0.0,2
UMATRY,0.0,400.0,18275.8,0.4772654,0
KDABTC,0.0,400.0,18275.8,0.4772654,0
KDABUSD,0.0,400.0,18275.8,0.4772654,0
KDAUSDT,0.0,400.0,18275.8,0.4772654,0
APEUSDT,0.0,400.0,18275.8,0.4772654,0
APEBUSD,0.0,400.0,18275.8,0.4772654,0
APEBTC,0.0,400.0,18275.8,0.4772654,0
ALPINEBUSD,0.0,400.0,18275.8,0.4772654,0
LUNAGBP,0.0,0.0,0.0,0.0,2
NEAREUR,0.0,400.0,18275.8,0.4772654,0
TWTTRY,0.0,400.0,18275.8,0.4772654,0
WAVESEUR,0.0,400.0,18275.8,0.4772654,0
APEEUR,0.0,400.0,18275.8,0.4772654,0
APEGBP,0.0,400.0,18275.8,0.4772654,0
APETRY,0.0,400.0,18275.8,0.4772654,0
BSWUSDT,0.0,400.0,18275.8,0.4772654,0
BSWBUSD,0.0,400.0,18275.8,0.4772654,0
BSWBNB,0.0,400.0,18275.8,0.4772654,0
APEBNB,0.0,400.0,18275.8,0.4772654,0
GMTBRL,0.0,400.0,18275.8,0.4772654,0
GMTETH,0.0,400.0,18275.8,0.4772654,0
JASMYTRY,0.0,400.0,18275.8,0.4772654,0
SANTOSBUSD,0.0,400.0,18275.8,0.4772654,0
APEAUD,0.0,400.0,18275.8,0.4772654,0
BIFIUSDT,0.0,400.0,18275.8,0.4772654,0
GMTEUR,0.0,400.0,18275.8,0.4772654,0
IMXBNB,0.0,400.0,18275.8,0.4772654,0
RUNEETH,0.0,400.0,18275.8,0.4772654,0
AVAXGBP,0.0,400.0,18275.8,0.4772654,0
MULTIBTC,0.0,400.0,18275.8,0.4772654,0
MULTIBUSD,0.0,400.0,18275.8,0.4772654,0
MULTIUSDT,0.0,400.0,18275.8,0.4772654,0
APEETH,0.0,400.0,18275.8,0.4772654,0
BSWETH,0.0,400.0,18275.8,0.4772654,0
FILTRY,0.0,400.0,18275.8,0.4772654,0
FTMEUR,0.0,400.0,18275.8,0.4772654,0
GMTGBP,0.0,400.0,18275.8,0.4772654,0
ZILTRY,0.0,400.0,18275.8,0.4772654,0
GMTTRY,0.0,400.0,18275.8,0.4772654,0
WAVESTRY,0.0,400.0,18275.8,0.4772654,0
BTCUST,0.0,0.0,0.0,0.0,2
ASTRBTC,0.0,400.0,18275.8,0.4772654,0
ASTRETH,0.0,400.0,18275.8,0.4772654,0
BSWTRY,0.0,400.0,18275.8,0.4772654,0
FTTETH,0.0,0.0,0.0,0.0,2
FUNBNB,0.0,400.0,18275.8,0.4772654,0
PORTOBUSD,0.0,400.0,18275.8,0.4772654,0
STEEMUSDT,0.0,400.0,18275.8,0.4772654,0
ZILEUR,0.0,0.0,0.0,0.0,2
APEBRL,0.0,400.0,18275.8,0.4772654,0
AUDIOTRY,0.0,400.0,18275.8,0.4772654,0
BTTCBUSD,0.0,400.0,18275.8,0.4772654,0
GMTAUD,0.0,400.0,18275.8,0.4772654,0
MBLBUSD,0.0,400.0,18275.8,0.4772654,0
MOBUSDT,0.0,400.0,18275.8,0.4772654,0
MOBBUSD,0.0,400.0,18275.8,0.4772654,0
MOBBTC,0.0,400.0,18275.8,0.4772654,0
NEXOUSDT,0.0,400.0,18275.8,0.4772654,0
NEXOBUSD,0.0,400.0,18275.8,0.4772654,0
NEXOBTC,0.0,400.0,18275.8,0.4772654,0
REIUSDT,0.0,400.0,18275.8,0.4772654,0
REIBNB,0.0,400.0,18275.8,0.4772654,0
REIETH,0.0,0.0,0.0,0.0,2
GALUSDT,0.0,400.0,18275.8,0.4772654,0
GALBUSD,0.0,400.0,18275.8,0.4772654,0
GALBNB,0.0,400.0,18275.8,0.4772654,0
GALBTC,0.0,400.0,18275.8,0.4772654,0
JASMYEUR,0.0,400.0,18275.8,0.4772654,0
KNCBNB,0.0,400.0,18275.8,0.4772654,0
SHIBGBP,0.0,400.0,18275.8,0.4772654,0
GALEUR,0.0,400.0,18275.8,0.4772654,0
GALTRY,0.0,400.0,18275.8,0.4772654,0
LDOBUSD,0.0,400.0,18275.8,0.4772654,0
LDOUSDT,0.0,400.0,18275.8,0.4772654,0
LDOBTC,0.0,400.0,18275.8,0.4772654,0
ENSTRY,0.0,400.0,18275.8,0.4772654,0
DAREUR,0.0,400.0,18275.8,0.4772654,0
DARETH,0.0,400.0,18275.8,0.4772654,0
ALGOETH,0.0,400.0,18275.8,0.4772654,0
ALGOTRY,0.0,400.0,18275.8,0.4772654,0
GALETH,0.0,400.0,18275.8,0.4772654,0
EPXUSDT,0.0,400.0,18275.8,0.4772654,0
EPXBUSD,0.0,400.0,18275.8,0.4772654,0
RUNETRY,0.0,400.0,18275.8,0.4772654,0
GALBRL,0.0,400.0,18275.8,0.4772654,0
STEEMBUSD,0.0,400.0,18275.8,0.4772654,0
CVCBUSD,0.0,400.0,18275.8,0.4772654,0
REIBUSD,0.0,400.0,18275.8,0.4772654,0
DREPBUSD,0.0,400.0,18275.8,0.4772654,0
AKROBUSD,0.0,400.0,18275.8,0.4772654,0
PUNDIXBUSD,0.0,400.0,18275.8,0.4772654,0
LUNCBUSD,0.0,400.0,18275.8,0.4772654,0
USTCBUSD,0.0,400.0,18275.8,0.4772654,0
OPBTC,0.0,400.0,18275.8,0.4772654,0
OPBUSD,0.0,400.0,18275.8,0.4772654,0
OPUSDT,0.0,400.0,18275.8,0.4772654,0
OGBUSD,0.0,400.0,18275.8,0.4772654,0
KEYBUSD,0.0,400.0,18275.8,0.4772654,0
ASRBUSD,0.0,400.0,18275.8,0.4772654,0
FIROBUSD,0.0,400.0,18275.8,0.4772654,0
NKNBUSD,0.0,400.0,18275.8,0.4772654,0
OPBNB,0.0,400.0,18275.8,0.4772654,0
OPEUR,0.0,400.0,18275.8,0.4772654,0
GTOBUSD,0.0,400.0,18275.8,0.4772654,0
SNXETH,0.0,400.0,18275.8,0.4772654,0
WBTCBUSD,0.0,400.0,18275.8,0.4772654,0
BELETH,0.0,400.0,18275.8,0.4772654,0
LITETH,0.0,400.0,18275.8,0.4772654,0
LEVERUSDT,0.0,400.0,18275.8,0.4772654,0
LEVERBUSD,0.0,400.0,18275.8,0.4772654,0
BURGERETH,0.0,400.0,18275.8,0.4772654,0
PEOPLEETH,0.0,400.0,18275.8,0.4772654,0
UNFIETH,0.0,400.0,18275.8,0.4772654,0
BONDETH,0.0,400.0,18275.8,0.4772654,0
STORJTRY,0.0,400.0,18275.8,0.4772654,0
OPETH,0.0,400.0,18275.8,0.4772654,0
ETCTRY,0.0,400.0,18275.8,0.4772654,0
WINGETH,0.0,400.0,18275.8,0.4772654,0
FILETH,0.0,400.0,18275.8,0.4772654,0
GLMBUSD,0.0,400.0,18275.8,0.4772654,0
SSVBUSD,0.0,400.0,18275.8,0.4772654,0
STGBTC,0.0,400.0,18275.8,0.4772654,0
STGBUSD,0.0,400.0,18275.8,0.4772654,0
STGUSDT,0.0,400.0,18275.8,0.4772654,0
ANKRTRY,0.0,400.0,18275.8,0.4772654,0
ARKBUSD,0.0,400.0,18275.8,0.4772654,0
BETHBUSD,0.0,400.0,18275.8,0.4772654,0
LOOMBUSD,0.0,400.0,18275.8,0.4772654,0
SNMBUSD,0.0,400.0,18275.8,0.4772654,0
AMBBUSD,0.0,400.0,18275.8,0.4772654,0
LUNCUSDT,0.0,400.0,18275.8,0.4772654,0
PHBBUSD,0.0,400.0,18275.8,0.4772654,0
GASBUSD,0.0,400.0,18275.8,0.4772654,0
NEBLBUSD,0.0,400.0,18275.8,0.4772654,0
PROSBUSD,0.0,400.0,18275.8,0.4772654,0
VIBBUSD,0.0,400.0,18275.8,0.4772654,0
GMXBTC,0.0,400.0,18275.8,0.4772654,0
GMXBUSD,0.0,400.0,18275.8,0.4772654,0
GMXUSDT,0.0,400.0,18275.8,0.4772654,0
AGIXBUSD,0.0,400.0,18275.8,0.4772654,0
NEBLUSDT,0.0,400.0,18275.8,0.4772654,0
SNTBUSD,0.0,400.0,18275.8,0.4772654,0
POLYXBTC,0.0,400.0,18275.8,0.4772654,0
POLYXBUSD,0.0,400.0,18275.8,0.4772654,0
POLYXUSDT,0.0,400.0,18275.8,0.4772654,0
APTBTC,0.0,400.0,18275.8,0.4772654,0
APTUSDT,0.0,400.0,18275.8,0.4772654,0
APTBUSD,0.0,400.0,18275.8,0.4772654,0
BTCPLN,0.0,400.0,18275.8,0.4772654,0
ETHPLN,0.0,400.0,18275.8,0.4772654,0
BUSDPLN,0.0,400.0,18275.8,0.4772654,0
APTEUR,0.0,400.0,18275.8,0.4772654,0
APTTRY,0.0,400.0,18275.8,0.4772654,0
APTBRL,0.0,400.0,18275.8,0.4772654,0
QKCBUSD,0.0,400.0,18275.8,0.4772654,0
OSMOBTC,0.0,400.0,18275.8,0.4772654,0
OSMOUSDT,0.0,400.0,18275.8,0.4772654,0
OSMOBUSD,0.0,400.0,18275.8,0.4772654,0
HFTBTC,0.0,400.0,18275.8,0.4772654,0
HFTBUSD,0.0,400.0,18275.8,0.4772654,0
HFTUSDT,0.0,400.0,18275.8,0.4772654,0
ARPAETH,0.0,400.0,18275.8,0.4772654,0
PHBUSDT,0.0,400.0,18275.8,0.4772654,0
VITEBUSD,0.0,400.0,18275.8,0.4772654,0
HOOKBTC,0.0,400.0,18275.8,0.4772654,0
HOOKUSDT,0.0,400.0,18275.8,0.4772654,0
HOOKBUSD,0.0,400.0,18275.8,0.4772654,0
HOOKBNB,0.0,400.0,18275.8,0.4772654,0
MAGICBTC,0.0,400.0,18275.8,0.4772654,0
MAGICBUSD,0.0,400.0,18275.8,0.4772654,0
MAGICUSDT,0.0,400.0,18275.8,0.4772654,0
BUSDRON,0.0,400.0,18275.8,0.4772654,0
HIFIETH,0.0,0.0,0.0,0.0,2
HIFIUSDT,0.0,0.0,0.0,0.0,2
RPLBTC,0.0,0.0,0.0,0.0,2
RPLBUSD,0.0,0.0,0.0,0.0,2
RPLUSDT,0.0,0.0,0.0,0.0,2
PROSUSDT,0.0,0.0,0.0,0.0,2
FETTRY,0.0,0.0,0.0,0.0,2
GFTBUSD,0.0,0.0,0.0,0.0,2
AGIXUSDT,0.0,0.0,0.0,0.0,2
APTETH,0.0,0.0,0.0,0.0,2
BTCRON,0.0,0.0,0.0,0.0,2
GNSUSDT,0.0,0.0,0.0,0.0,2
GNSBTC,0.0,0.0,0.0,0.0,2
SYNBTC,0.0,0.0,0.0,0.0,2
SYNUSDT,0.0,0.0,0.0,0.0,2
VIBUSDT,0.0,0.0,0.0,0.0,2
SSVUSDT,0.0,0.0,0.0,0.0,2
LQTYUSDT,0.0,0.0,0.0,0.0,2
LQTYBTC,0.0,0.0,0.0,0.0,2
AMBUSDT,0.0,0.0,0.0,0.0,2
BETHUSDT,0.0,0.0,0.0,0.0,2
CFXTRY,0.0,0.0,0.0,0.0,2
STXTRY,0.0,0.0,0.0,0.0,2
USTCUSDT,0.0,0.0,0.0,0.0,2
GASUSDT,0.0,0.0,0.0,0.0,2
GLMUSDT,0.0,0.0,0.0,0.0,2
PROMUSDT,0.0,0.0,0.0,0.0,2
QKCUSDT,0.0,0.0,0.0,0.0,2
UFTUSDT,0.0,0.0,0.0,0.0,2
IDBTC,0.0,0.0,0.0,0.0,2
IDBNB,0.0,0.0,0.0,0.0,2
IDUSDT,0.0,0.0,0.0,0.0,2
ARBBTC,0.0,0.0,0.0,0.0,2
ARBUSDT,0.0,0.0,0.0,0.0,2
AGIXTRY,0.0,0.0,0.0,0.0,2
LOOMUSDT,0.0,0.0,0.0,0.0,2
OAXUSDT,0.0,0.0,0.0,0.0,2
ARBTUSD,0.0,0.0,0.0,0.0,2
ARBTRY,0.0,0.0,0.0,0.0,2
ARBEUR,0.0,0.0,0.0,0.0,2
IDTUSD,0.0,0.0,0.0,0.0,2
IDTRY,0.0,0.0,0.0,0.0,2
IDEUR,0.0,0.0,0.0,0.0,2
LDOTUSD,0.0,0.0,0.0,0.0,2
MATICTUSD,0.0,0.0,0.0,0.0,2
OPTUSD,0.0,0.0,0.0,0.0,2
SOLTUSD,0.0,0.0,0.0,0.0,2
SSVTUSD,0.0,0.0,0.0,0.0,2
RDNTBTC,0.0,0.0,0.0,0.0,2
RDNTUSDT,0.0,0.0,0.0,0.0,2
RDNTTUSD,0.0,0.0,0.0,0.0,2
ARBRUB,0.0,0.0,0.0,0.0,2
JOETRY,0.0,0.0,0.0,0.0,2
MAGICTRY,0.0,0.0,0.0,0.0,2
USDTPLN,0.0,0.0,0.0,0.0,2
ACHTRY,0.0,0.0,0.0,0.0,2
XVSTRY,0.0,0.0,0.0,0.0,2
EGLDRON,0.0,0.0,0.0,0.0,2
USDTRON,0.0,0.0,0.0,0.0,2
USDTARS,0.0,0.0,0.0,0.0,2
DOGETUSD,0.0,0.0,0.0,0.0,2
WBTCUSDT,0.0,0.0,0.0,0.0,2
EDUUSDT,0.0,0.0,0.0,0.0,2
EDUTUSD,0.0,0.0,0.0,0.0,2
EDUBNB,0.0,0.0,0.0,0.0,2
EDUBTC,0.0,0.0,0.0,0.0,2
EDUEUR,0.0,0.0,0.0,0.0,2
EDUTRY,0.0,0.0,0.0,0.0,2
SUIUSDT,0.0,0.0,0.0,0.0,2
SUITUSD,0.0,0.0,0.0,0.0,2
SUIBTC,0.0,0.0,0.0,0.0,2
SUIBNB,0.0,0.0,0.0,0.0,2
SUIEUR,0.0,0.0,0.0,0.0,2
SUITRY,0.0,0.0,0.0,0.0,2
AERGOUSDT,0.0,0.0,0.0,0.0,2
RNDRTRY,0.0,0.0,0.0,0.0,2
PEPEUSDT,0.0,0.0,0.0,0.0,2
PEPETUSD,0.0,0.0,0.0,0.0,2
FLOKIUSDT,0.0,0.0,0.0,0.0,2
FLOKITUSD,0.0,0.0,0.0,0.0,2
OGTRY,0.0,0.0,0.0,0.0,2
PEPETRY,0.0,0.0,0.0,0.0,2
WBETHETH,0.0,0.0,0.0,0.0,2
ASTUSDT,0.0,0.0,0.0,0.0,2
SNTUSDT,0.0,0.0,0.0,0.0,2
FLOKITRY,0.0,0.0,0.0,0.0,2
CITYTRY,0.0,0.0,0.0,0.0,2
COMBOUSDT,0.0,0.0,0.0,0.0,2
COMBOBNB,0.0,0.0,0.0,0.0,2
COMBOTRY,0.0,0.0,0.0,0.0,2
LTCTRY,0.0,0.0,0.0,0.0,2
RADTRY,0.0,0.0,0.0,0.0,2
BTCARS,0.0,0.0,0.0,0.0,2
OPTRY,0.0,0.0,0.0,0.0,2
PAXGTRY,0.0,0.0,0.0,0.0,2
MAVBTC,0.0,0.0,0.0,0.0,2
MAVUSDT,0.0,0.0,0.0,0.0,2
MAVTUSD,0.0,0.0,0.0,0.0,2
CFXTUSD,0.0,0.0,0.0,0.0,2
PENDLEBTC,0.0,0.0,0.0,0.0,2
PENDLEUSDT,0.0,0.0,0.0,0.0,2
PENDLETUSD,0.0,0.0,0.0,0.0,2
MAVTRY,0.0,0.0,0.0,0.0,2
OCEANTRY,0.0,0.0,0.0,0.0,2
TUSDTRY,0.0,0.0,0.0,0.0,2
ARBETH,0.0,0.0,0.0,0.0,2
BCHTRY,0.0,0.0,0.0,0.0,2
XVGTRY,0.0,0.0,0.0,0.0,2
XVGTUSD,0.0,0.0,0.0,0.0,2
ARKMUSDT,0.0,0.0,0.0,0.0,2
ARKMTUSD,0.0,0.0,0.0,0.0,2
ARKMTRY,0.0,0.0,0.0,0.0,2
ARKMBNB,0.0,0.0,0.0,0.0,2
ARKMBTC,0.0,0.0,0.0,0.0,2
WBETHUSDT,0.0,0.0,0.0,0.0,2
ACATRY,0.0,0.0,0.0,0.0,2
AVAXTUSD,0.0,0.0,0.0,0.0,2
COMPTUSD,0.0,0.0,0.0,0.0,2
COMPTRY,0.0,0.0,0.0,0.0,2
XECTRY,0.0,0.0,0.0,0.0,2
QUICKTUSD,0.0,0.0,0.0,0.0,2
WLDUSDT,0.0,0.0,0.0,0.0,2
WLDBTC,0.0,0.0,0.0,0.0,2
BNBFDUSD,0.0,0.0,0.0,0.0,2
FDUSDBUSD,0.0,0.0,0.0,0.0,2
FDUSDUSDT,0.0,0.0,0.0,0.0,2
ARKMRUB,0.0,0.0,0.0,0.0,2
WLDTRY,0.0,0.0,0.0,0.0,2
WLDRUB,0.0,0.0,0.0,0.0,2
AMPTRY,0.0,0.0,0.0,0.0,2
OGNTRY,0.0,0.0,0.0,0.0,2
BTCFDUSD,0.0,0.0,0.0,0.0,2
ETHFDUSD,0.0,0.0,0.0,0.0,2
ASRTRY,0.0,0.0,0.0,0.0,2
ATMTRY,0.0,0.0,0.0,0.0,2
ACMTRY,0.0,0.0,0.0,0.0,2
BARTRY,0.0,0.0,0.0,0.0,2
JUVTRY,0.0,0.0,0.0,0.0,2
PSGTRY,0.0,0.0,0.0,0.0,2
SEIBNB,0.0,0.0,0.0,0.0,2
SEIBTC,0.0,0.0,0.0,0.0,2
SEIFDUSD,0.0,0.0,0.0,0.0,2
SEITRY,0.0,0.0,0.0,0.0,2
SEIUSDT,0.0,0.0,0.0,0.0,2
CYBERBNB,0.0,0.0,0.0,0.0,2
CYBERBTC,0.0,0.0,0.0,0.0,2
CYBERFDUSD,0.0,0.0,0.0,0.0,2
CYBERTRY,0.0,0.0,0.0,0.0,2
CYBERUSDT,0.0,0.0,0.0,0.0,2
CYBERTUSD,0.0,0.0,0.0,0.0,2
SEITUSD,0.0,0.0,0.0,0.0,2
LPTTRY,0.0,0.0,0.0,0.0,2
UNITRY,0.0,0.0,0.0,0.0,2
SOLFDUSD,0.0,0.0,0.0,0.0,2
TOMOTRY,0.0,0.0,0.0,0.0,2
UNFITRY,0.0,0.0,0.0,0.0,2
XRPFDUSD,0.0,0.0,0.0,0.0,2
DOGEFDUSD,0.0,0.0,0.0,0.0,2
CYBERETH,0.0,0.0,0.0,0.0,2
MTLTRY,0.0,0.0,0.0,0.0,2
ARKUSDT,0.0,0.0,0.0,0.0,2
CREAMUSDT,0.0,0.0,0.0,0.0,2
GFTUSDT,0.0,0.0,0.0,0.0,2
IQUSDT,0.0,0.0,0.0,0.0,2
USDTVAI,0.0,0.0,0.0,0.0,2
ARBFDUSD,0.0,0.0,0.0,0.0,2
FDUSDTRY,0.0,0.0,0.0,0.0,2
FRONTTRY,0.0,0.0,0.0,0.0,2
SUIFDUSD,0.0,0.0,0.0,0.0,2
NTRNBTC,0.0,0.0,0.0,0.0,2
NTRNUSDT,0.0,0.0,0.0,0.0,2
NTRNBNB,0.0,0.0,0.0,0.0,2
FILFDUSD,0.0,0.0,0.0,0.0,2
FRONTTUSD,0.0,0.0,0.0,0.0,2
LEVERTRY,0.0,0.0,0.0,0.0,2
LTCFDUSD,0.0,0.0,0.0,0.0,2
ADAFDUSD,0.0,0.0,0.0,0.0,2
RUNETUSD,0.0,0.0,0.0,0.0,2
TRBTRY,0.0,0.0,0.0,0.0,2
ATOMFDUSD,0.0,0.0,0.0,0.0,2
AVAXFDUSD,0.0,0.0,0.0,0.0,2
BANDTRY,0.0,0.0,0.0,0.0,2
BCHFDUSD,0.0,0.0,0.0,0.0,2
LOOMTRY,0.0,0.0,0.0,0.0,2
MATICFDUSD,0.0,0.0,0.0,0.0,2
ALGOFDUSD,0.0,0.0,0.0,0.0,2
DOTFDUSD,0.0,0.0,0.0,0.0,2
FTMFDUSD,0.0,0.0,0.0,0.0,2
LINKFDUSD,0.0,0.0,0.0,0.0,2
NEARFDUSD,0.0,0.0,0.0,0.0,2
STRAXTRY,0.0,0.0,0.0,0.0,2
TIABTC,0.0,0.0,0.0,0.0,2
TIAUSDT,0.0,0.0,0.0,0.0,2
TIATRY,0.0,0.0,0.0,0.0,2
MEMEBNB,0.0,0.0,0.0,0.0,2
MEMEUSDT,0.0,0.0,0.0,0.0,2
MEMEFDUSD,0.0,0.0,0.0,0.0,2
MEMETUSD,0.0,0.0,0.0,0.0,2
MEMETRY,0.0,0.0,0.0,0.0,2
